,관광명소,시군구
0,서울풍물시장전통문화체험관,서울특별시 동대문구
1,양재시민의숲,서울특별시 서초구
2,봉화산(서울),서울특별시 중랑구
3,파리공원,서울특별시 양천구
4,한강시민공원 망원지구(망원한강공원),서울특별시 마포구
5,한강시민공원여의도지구(여의도한강공원),서울특별시 영등포구
6,한강시민공원뚝섬지구(뚝섬한강공원),서울특별시 광진구
7,서래마을,서울특별시 서초구
8,이태원 앤틱 가구 거리,서울특별시 용산구
9,와룡공원,서울특별시 종로구
10,홍릉수목원,서울특별시 동대문구
11,롯데월드,서울특별시 송파구
12,서울어린이대공원,서울특별시 광진구
13,도산공원,서울특별시 강남구
14,경희궁,서울특별시 종로구
15,수락산,서울특별시 노원구
16,불암산,서울특별시 노원구
17,관악산,서울특별시 관악구
18,청계산,서울특별시 서초구
19,서울트릭아이미술관,서울특별시 마포구
20,서울선릉(성종과정현왕후)과정릉(중종)[유네스코세계문화유산],서울특별시 강남구
21,국립4.19민주묘지,서울특별시 강북구
22,국립서울현충원,서울특별시 동작구
23,서울암사동유적,서울특별시 강동구
24,서울 방이동 고분군,서울특별시 송파구
25,종묘,서울특별시 종로구
26,덕수궁,서울특별시 중구
27,경복궁,서울특별시 종로구
28,봉원사(서울),서울특별시 서대문구
29,도선사(서울),서울특별시 강북구
30,남산골한옥마을,서울특별시 중구
31,서서울호수공원,서울특별시 양천구
32,북촌한옥마을,서울특별시 종로구
33,남산서울타워,서울특별시 용산구
34,대학로,서울특별시 종로구
35,청와대앞길,서울특별시 종로구
36,올림픽공원,서울특별시 송파구
37,"서울 헌릉(태종,원경왕후)과 인릉(순조,순원왕후) [유네스코 세계문화유산]",서울특별시 서초구
38,새남터기념성당,서울특별시 용산구
39,서울태릉(문정왕후)과강릉(인순왕후)[유네스코세계문화유산],서울특별시 노원구
40,서울정릉(신덕왕후)[유네스코세계문화유산],서울특별시 성북구
41,서울몽촌토성,서울특별시 송파구
42,서울 석촌동 고분군,서울특별시 송파구
43,천호공원,서울특별시 강동구
44,길동생태공원,서울특별시 강동구
45,북한산국립공원,서울특별시 은평구
46,이태원관광특구,서울특별시 용산구
47,성락원(서울),서울특별시 성북구
48,구암공원,서울특별시 강서구
49,압구정로데오거리,서울특별시 강남구
50,서대문독립공원,서울특별시 서대문구
51,서울숲,서울특별시 성동구
52,백련사(서울),서울특별시 서대문구
53,월드컵공원,서울특별시 마포구
54,서울신림동민속순대타운,서울특별시 관악구
55,여의도공원,서울특별시 영등포구
56,보라매공원,서울특별시 동작구
57,난지한강공원,서울특별시 마포구
58,63스퀘어,서울특별시 영등포구
59,창덕궁과후원[유네스코세계문화유산],서울특별시 종로구
60,노량진수산물도매시장,서울특별시 동작구
61,광장시장,서울특별시 종로구
62,남대문시장,서울특별시 중구
63,평강성서유물박물관,서울특별시 구로구
64,서대문자연사박물관,서울특별시 서대문구
65,전쟁기념관,서울특별시 용산구
66,서울역사박물관,서울특별시 종로구
67,국립중앙박물관,서울특별시 용산구
68,아차산,서울특별시 광진구
69,남산케이블카,서울특별시 중구
70,둘리뮤지엄,서울특별시 도봉구
71,신영시장,서울특별시 양천구
72,동대문역사문화공원,서울특별시 중구
73,응봉산(서울),서울특별시 성동구
74,서울시립북서울미술관,서울특별시 노원구
75,남산 야외식물원,서울특별시 용산구
76,능인선원,서울특별시 강남구
77,만해한용운심우장,서울특별시 성북구
78,광진교8번가,서울특별시 강동구
79,서울마리나 요트&클럽,서울특별시 영등포구
80,홍대 벽화거리,서울특별시 마포구
81,서울망원시장,서울특별시 마포구
82,헬로우뮤지움,서울특별시 성동구
83,동대문디자인플라자(DDP),서울특별시 중구
84,자양동양꼬치거리(중국음식문화거리),서울특별시 광진구
85,구룡산(서울),서울특별시 서초구
86,한국종합무역센터(코엑스),서울특별시 강남구
87,대림중앙시장,서울특별시 영등포구
88,서촌마을,서울특별시 종로구
89,동진시장,서울특별시 마포구
90,서울식물원,서울특별시 강서구
91,금천예술공장,서울특별시 금천구
92,챔피언1250,서울특별시 용산구
93,근현대사기념관,서울특별시 강북구
94,피노파밀리아,서울특별시 노원구
95,"서울의릉(경종,선의왕후)[유네스코세계문화유산]",서울특별시 성북구
96,문화역서울284,서울특별시 중구
97,한강시민공원광나루지구(광나루한강공원),서울특별시 강동구
98,삼청동,서울특별시 종로구
99,상수동 카페거리,서울특별시 마포구
100,인사동,서울특별시 종로구
101,명동,서울특별시 중구
102,무중력지대양천,서울특별시 양천구
103,식민지역사박물관,서울특별시 용산구
104,K-Taekwon school 태권도체험,서울특별시 강동구
105,문화철도 959,서울특별시 구로구
106,고척 스카이돔,서울특별시 구로구
107,궁동저수지 생태공원,서울특별시 구로구
108,국제음식문화거리(INTERNATIONALFOODSTREET),서울특별시 구로구
109,한방스파여용국,서울특별시 송파구
110,공덕동 족발 골목,서울특별시 마포구
111,아차산생태공원,서울특별시 광진구
112,응암동 감자국 거리,서울특별시 은평구
113,호압사(서울),서울특별시 관악구
114,황학동 벼룩시장 (도깨비시장 / 만물시장),서울특별시 중구
115,서울함공원,서울특별시 마포구
116,선유도공원,서울특별시 영등포구
117,하늘공원,서울특별시 마포구
118,녹사평지하예술정원,서울특별시 용산구
119,망우리공원,서울특별시 중랑구
120,여의도샛강생태공원,서울특별시 영등포구
121,강서습지생태공원,서울특별시 강서구
122,백사실계곡,서울특별시 종로구
123,홍대,서울특별시 마포구
124,겸재정선미술관,서울특별시 강서구
125,삼성산성지,서울특별시 관악구
126,관악산공원야외식물원,서울특별시 관악구
127,살곶이체육공원,서울특별시 성동구
128,몽마르뜨공원,서울특별시 서초구
129,영등포신길동홍어거리,서울특별시 영등포구
130,신사동가로수길,서울특별시 강남구
131,한강시민공원 잠실지구(잠실한강공원),서울특별시 송파구
132,한강시민공원잠원지구(잠원한강공원),서울특별시 서초구
133,세빛섬,서울특별시 서초구
134,경동시장,서울특별시 동대문구
135,오동근린공원,서울특별시 강북구
136,양재천 생태공원,서울특별시 서초구
137,북서울꿈의숲,서울특별시 강북구
138,온수공원,서울특별시 구로구
139,용마산,서울특별시 중랑구
140,범어사(부산),부산광역시 금정구
141,부산송도해수욕장,부산광역시 서구
142,용두산공원,부산광역시 중구
143,부산어린이대공원,부산광역시 부산진구
144,일광해수욕장,부산광역시 기장군
145,해운대해수욕장,부산광역시 해운대구
146,송정해수욕장,부산광역시 해운대구
147,광안리해수욕장,부산광역시 수영구
148,부산어촌민속관,부산광역시 북구
149,서면1번가,부산광역시 부산진구
150,대항어촌체험휴양마을,부산광역시 강서구
151,황령산,부산광역시 부산진구
152,선암사(부산),부산광역시 부산진구
153,수영사적공원,부산광역시 수영구
154,부산차이나타운특구(상해문.상해거리),부산광역시 동구
155,삼광사,부산광역시 부산진구
156,해동용궁사(부산),부산광역시 기장군
157,충렬사,부산광역시 동래구
158,태종대(부산국가지질공원),부산광역시 영도구
159,UN기념공원,부산광역시 남구
160,부산진시장,부산광역시 동구
161,동삼동패총전시관,부산광역시 영도구
162,부산근대역사관,부산광역시 중구
163,남천 해변시장,부산광역시 수영구
164,부산해양자연사박물관,부산광역시 동래구
165,청사포,부산광역시 해운대구
166,송정 죽도공원,부산광역시 해운대구
167,대변항,부산광역시 기장군
168,금강식물원,부산광역시 금정구
169,40계단문화관광테마거리,부산광역시 중구
170,168계단,부산광역시 동구
171,수리조선소길,부산광역시 영도구
172,임랑해수욕장,부산광역시 기장군
173,부평시장(깡통시장),부산광역시 중구
174,국립해양박물관,부산광역시 영도구
175,우장춘기념관,부산광역시 동래구
176,임시수도기념관,부산광역시 서구
177,삼락생태공원,부산광역시 사상구
178,국제시장,부산광역시 중구
179,부산자갈치시장,부산광역시 중구
180,국립일제강제동원역사관,부산광역시 남구
181,절영해안산책로,부산광역시 영도구
182,부산송도해상케이블카,부산광역시 서구
183,화명생태공원,부산광역시 북구
184,대저생태공원,부산광역시 강서구
185,아홉산숲,부산광역시 기장군
186,국립부산과학관,부산광역시 기장군
187,부산감천문화마을,부산광역시 사하구
188,이기대(부산국가지질공원),부산광역시 남구
189,유치환 우체통 전망대,부산광역시 동구
190,다대포꿈의낙조분수,부산광역시 사하구
191,마린시티,부산광역시 해운대구
192,장산 (부산 국가지질공원),부산광역시 해운대구
193,몰운대 (부산 국가지질공원),부산광역시 사하구
194,국립 달음산자연휴양림,부산광역시 기장군
195,흰여울문화마을,부산광역시 영도구
196,장림포구,부산광역시 사하구
197,초량이바구길,부산광역시 동구
198,부산현대미술관,부산광역시 사하구
199,정관박물관,부산광역시 기장군
200,해운대동백섬,부산광역시 해운대구
201,비슬산 군립공원,대구광역시 달성군
202,파계사,대구광역시 동구
203,동화사(대구),대구광역시 동구
204,대구앞산공원,대구광역시 남구
205,대구두류공원,대구광역시 달서구
206,동촌유원지,대구광역시 동구
207,비슬산자연휴양림,대구광역시 달성군
208,대구 오토바이골목,대구광역시 중구
209,수성못유원지,대구광역시 수성구
210,녹동서원,대구광역시 달성군
211,봉무정,대구광역시 동구
212,남평문씨본리세거지,대구광역시 달성군
213,달성하목정,대구광역시 달성군
214,대구서문시장&서문시장야시장,대구광역시 중구
215,국립대구박물관,대구광역시 수성구
216,도동서원 [유네스코 세계문화유산],대구광역시 달성군
217,현풍석빙고(상리석빙고),대구광역시 달성군
218,용연사(대구),대구광역시 달성군
219,이월드,대구광역시 달서구
220,대구수목원,대구광역시 달서구
221,마비정 벽화마을,대구광역시 달성군
222,국립대구과학관,대구광역시 달성군
223,중리동곱창골목,대구광역시 서구
224,남산동 가톨릭타운(대구),대구광역시 중구
225,옹기종기행복마을,대구광역시 동구
226,김광석길(김광석다시그리기길),대구광역시 중구
227,대구미술관,대구광역시 수성구
228,달성 한일우호관,대구광역시 달성군
229,대구 달성습지,대구광역시 달성군
230,모명재,대구광역시 수성구
231,공룡공원,대구광역시 남구
232,앞산전망대(앞산케이블카),대구광역시 남구
233,이천동 99계단 벽화마을,대구광역시 남구
234,고산골 (사진찍기 좋은 녹색명소),대구광역시 남구
235,반고개 무침회 골목,대구광역시 서구
236,서부오미(味)가미(味)거리,대구광역시 서구
237,와룡산(대구),대구광역시 달서구
238,대구근대골목(근대로의여행),대구광역시 중구
239,가창 찐빵 골목,대구광역시 달성군
240,사문진주막촌,대구광역시 달성군
241,국채보상운동기념공원,대구광역시 중구
242,부인사(대구),대구광역시 동구
243,방천시장,대구광역시 중구
244,앞산카페거리,대구광역시 남구
245,동산청라언덕,대구광역시 중구
246,옥연지송해공원,대구광역시 달성군
247,수창청춘맨숀,대구광역시 중구
248,동성로,대구광역시 중구
249,대구하중도,대구광역시 북구
250,아이니테마파크(대구스타디움점),대구광역시 수성구
251,대구평화시장,대구광역시 동구
252,대구칠성시장,대구광역시 북구
253,안지랑곱창골목,대구광역시 남구
254,석모도미네랄온천,인천광역시 강화군
255,인천나비공원,인천광역시 부평구
256,용흥궁,인천광역시 강화군
257,신시모도,인천광역시 옹진군
258,소래포구,인천광역시 남동구
259,교동향교,인천광역시 강화군
260,사곶해변,인천광역시 옹진군
261,애보박물관,인천광역시 남동구
262,인천시립박물관컴팩스마트시티,인천광역시 연수구
263,강화갯벌 및 저어새번식지,인천광역시 강화군
264,고려궁지,인천광역시 강화군
265,볼음도(저어새 생태마을),인천광역시 강화군
266,화도진지,인천광역시 동구
267,이작도(풀등+갯티길),인천광역시 옹진군
268,무의도,인천광역시 중구
269,신트리공원,인천광역시 부평구
270,강화 고인돌 유적 [유네스코 세계문화유산],인천광역시 강화군
271,전등사(강화),인천광역시 강화군
272,보문사(강화),인천광역시 강화군
273,백령도,인천광역시 옹진군
274,인천대공원,인천광역시 남동구
275,대청도,인천광역시 옹진군
276,장봉도,인천광역시 옹진군
277,선재도(선재도 어촌체험마을),인천광역시 옹진군
278,석모도,인천광역시 강화군
279,영흥도,인천광역시 옹진군
280,월미도,인천광역시 중구
281,연평도(대/소 연평도),인천광역시 옹진군
282,광성보,인천광역시 강화군
283,강화덕진진,인천광역시 강화군
284,왕산해수욕장,인천광역시 중구
285,실미해수욕장,인천광역시 중구
286,장봉도 진촌해변,인천광역시 옹진군
287,팔미도등대,인천광역시 중구
288,장경리해수욕장,인천광역시 옹진군
289,용진진,인천광역시 강화군
290,대한성공회 강화성당,인천광역시 강화군
291,을왕리해수욕장,인천광역시 중구
292,서어나무(소사나무)군락지,인천광역시 옹진군
293,강화 초지진,인천광역시 강화군
294,장곶돈대,인천광역시 강화군
295,아암도해안공원,인천광역시 연수구
296,강화풍물시장,인천광역시 강화군
297,수도국산달동네박물관,인천광역시 동구
298,심은미술관,인천광역시 강화군
299,강화역사박물관,인천광역시 강화군
300,후포항 선수포구,인천광역시 강화군
301,인천도호부청사,인천광역시 미추홀구
302,강화 화문석마을,인천광역시 강화군
303,주문도,인천광역시 강화군
304,석모도미네랄온천,인천광역시 강화군
305,인천나비공원,인천광역시 부평구
306,용흥궁,인천광역시 강화군
307,신시모도,인천광역시 옹진군
308,소래포구,인천광역시 남동구
309,교동향교,인천광역시 강화군
310,사곶해변,인천광역시 옹진군
311,애보박물관,인천광역시 남동구
312,인천시립박물관컴팩스마트시티,인천광역시 연수구
313,강화갯벌 및 저어새번식지,인천광역시 강화군
314,고려산,인천광역시 강화군
315,수기해변,인천광역시 옹진군
316,용유도 마시안해변,인천광역시 중구
317,인천차이나타운,인천광역시 중구
318,소리체험박물관,인천광역시 강화군
319,세어도,인천광역시 서구
320,강화 서도 중앙교회,인천광역시 강화군
321,교동도 대룡시장,인천광역시 강화군
322,석모도 수목원,인천광역시 강화군
323,석모도 자연휴양림,인천광역시 강화군
324,인천 푸른벗말,인천광역시 옹진군
325,밧지름해변,인천광역시 옹진군
326,서포리해변,인천광역시 옹진군
327,팔미도 유람선,인천광역시 중구
328,인천 화평동 세숫대야 냉면 거리,인천광역시 동구
329,강화해수랜드,인천광역시 강화군
330,강화도제적봉 평화전망대,인천광역시 강화군
331,영흥도 십리포해변,인천광역시 옹진군
332,백령도 콩돌해변,인천광역시 옹진군
333,옹진 백령도 두무진,인천광역시 옹진군
334,교동도(강화),인천광역시 강화군
335,강화 아르미애월드,인천광역시 강화군
336,인천검단선사박물관,인천광역시 서구
337,5·18기념공원,광주광역시 서구
338,광주호호수생태원,광주광역시 북구
339,무등산국립공원,광주광역시 동구
340,광주패밀리랜드,광주광역시 북구
341,환벽당 ·조대,광주광역시 북구
342,오웬기념각,광주광역시 남구
343,국립 5.18 민주묘지,광주광역시 북구
344,광주호,광주광역시 북구
345,사직공원(광주),광주광역시 남구
346,무등산 주상절리대,광주광역시 북구
347,광주대인시장/대인예술시장,광주광역시 동구
348,1913송정역시장,광주광역시 광산구
349,남도향토음식박물관·호남문화자료전시관,광주광역시 북구
350,국립광주과학관,광주광역시 북구
351,광주-기아 챔피언스 필드,광주광역시 북구
352,월봉서원,광주광역시 광산구
353,전평제,광주광역시 서구
354,오리요리의 거리,광주광역시 북구
355,우제길미술관,광주광역시 동구
356,국립광주박물관,광주광역시 북구
357,양림동펭귄마을,광주광역시 남구
358,지산유원지,광주광역시 동구
359,양림역사문화마을,광주광역시 남구
360,청춘발산마을,광주광역시 서구
361,쌍암공원,광주광역시 광산구
362,용진정사,광주광역시 광산구
363,양동시장,광주광역시 서구
364,구봉산(대전),대전광역시 서구
365,대전오월드,대전광역시 중구
366,대청호,대전광역시 대덕구
367,뿌리공원,대전광역시 중구
368,국립대전현충원,대전광역시 유성구
369,대전엑스포과학공원,대전광역시 유성구
370,만인산푸른학습원,대전광역시 동구
371,상소동산림욕장,대전광역시 동구
372,식장산(식장산 문화공원),대전광역시 동구
373,대전선사박물관,대전광역시 유성구
374,금강로하스대청공원,대전광역시 대덕구
375,진잠향교,대전광역시 유성구
376,단재 신채호선생생가지,대전광역시 중구
377,사교루,대전광역시 유성구
378,용화사(대전),대전광역시 서구
379,사우당,대전광역시 동구
380,옥류각,대전광역시 대덕구
381,국립중앙과학관,대전광역시 유성구
382,장태산자연휴양림,대전광역시 서구
383,자광사(대전),대전광역시 유성구
384,우암사적공원,대전광역시 동구
385,무수천하마을,대전광역시 중구
386,한밭수목원,대전광역시 서구
387,장동산림욕장,대전광역시 대덕구
388,심광사(대전),대전광역시 동구
389,테미오래,대전광역시 중구
390,대동하늘공원,대전광역시 동구
391,왕버드나무군락지,대전광역시 대덕구
392,철도관사촌(솔랑시울길),대전광역시 동구
393,유성 족욕체험장,대전광역시 유성구
394,베어트리파크,세종특별자치시 세종특별자치시
395,청안사(세종),세종특별자치시 세종특별자치시
396,신광사(세종),세종특별자치시 세종특별자치시
397,밀마루전망대,세종특별자치시 세종특별자치시
398,뒤웅박고을,세종특별자치시 세종특별자치시
399,영평사,세종특별자치시 세종특별자치시
400,"금강자연휴양림(금강수목원,산림박물관)",세종특별자치시 세종특별자치시
401,운주산성,세종특별자치시 세종특별자치시
402,고복자연공원,세종특별자치시 세종특별자치시
403,"여주영릉(英陵)세종대왕)과영릉(寧陵)효종,인선왕후)[유네스코세계문화유산]",경기도 여주시
404,행주산성,경기도 고양시 덕양구
405,김포향교,경기도 김포시
406,수원화성[유네스코세계문화유산],경기도 수원시 팔달구
407,고양서오릉[유네스코세계문화유산],경기도 고양시 덕양구
408,고양서삼릉(장경왕후)[유네스코세계문화유산],경기도 고양시 덕양구
409,"남양주홍릉(고종과명성황후)과유릉(순종과순명,순정황후)[유네스코세계문화유산]",경기도 남양주시
410,"남양주 광릉(세조,정희왕후) [유네스코 세계문화유산]",경기도 남양주시
411,구리동구릉[유네스코세계문화유산],경기도 구리시
412,김포문수산성,경기도 김포시
413,제부도,경기도 화성시
414,재인폭포 (한탄강 국가지질공원),경기도 연천군
415,명지계곡,경기도 가평군
416,백운계곡 (한탄강 국가지질공원),경기도 포천시
417,명성산,경기도 포천시
418,수리산도립공원,경기도 군포시
419,애기봉(김포),경기도 김포시
420,감악산(파주),경기도 양주시
421,남한산성도립공원[유네스코세계문화유산],경기도 광주시
422,국립 유명산자연휴양림,경기도 가평군
423,천진암성지,경기도 광주시
424,연천 숭의전지,경기도 연천군
425,용문사(용문산),경기도 양평군
426,용주사(화성),경기도 화성시
427,포천산정호수,경기도 포천시
428,고모저수지,경기도 포천시
429,한탄강관광지,경기도 연천군
430,청평호반,경기도 가평군
431,안양예술공원,경기도 안양시 만안구
432,일영유원지,경기도 양주시
433,"여주영릉(英陵)세종대왕)과영릉(寧陵)효종,인선왕후)[유네스코세계문화유산]",경기도 여주시
434,행주산성,경기도 고양시 덕양구
435,김포향교,경기도 김포시
436,수원화성[유네스코세계문화유산],경기도 수원시 팔달구
437,고양서오릉[유네스코세계문화유산],경기도 고양시 덕양구
438,고양서삼릉(장경왕후)[유네스코세계문화유산],경기도 고양시 덕양구
439,"남양주홍릉(고종과명성황후)과유릉(순종과순명,순정황후)[유네스코세계문화유산]",경기도 남양주시
440,"남양주 광릉(세조,정희왕후) [유네스코 세계문화유산]",경기도 남양주시
441,구리동구릉[유네스코세계문화유산],경기도 구리시
442,김포문수산성,경기도 김포시
443,아침고요수목원,경기도 가평군
444,인계예술공원,경기도 수원시 팔달구
445,일동제일유황온천,경기도 포천시
446,양주 회암사지,경기도 양주시
447,양주 온릉(단경왕후) [유네스코 세계문화유산],경기도 양주시
448,김포장릉(인헌왕후)[유네스코세계문화유산],경기도 김포시
449,봉선사(경기),경기도 남양주시
450,오두산통일전망대,경기도 파주시
451,판문점,경기도 파주시
452,한국민속촌,경기도 용인시 기흥구
453,수리사(경기),경기도 군포시
454,다산유적지(남양주),경기도 남양주시
455,명성황후 생가,경기도 여주시
456,일동 용암유황천,경기도 포천시
457,풍도,경기도 안산시 단원구
458,서울랜드,경기도 과천시
459,서울대공원,경기도 과천시
460,백운호수,경기도 의왕시
461,부천중앙공원,경기도 부천시
462,문수산산림욕장,경기도 김포시
463,설매재자연휴양림,경기도 양평군
464,태풍전망대,경기도 연천군
465,국화도,경기도 화성시
466,망월사(경기),경기도 의정부시
467,삼막사,경기도 안양시 만안구
468,제3땅굴,경기도 파주시
469,한화리조트 산정호수 온천,경기도 포천시
470,용문산관광지,경기도 양평군
471,오산독산성과세마대지,경기도 오산시
472,대부도,경기도 안산시 단원구
473,김포 덕포진,경기도 김포시
474,서현동먹거리촌,경기도 성남시 분당구
475,봉국사(성남),경기도 성남시 수정구
476,유명산계곡,경기도 가평군
477,사나사 계곡,경기도 양평군
478,옥구공원,경기도 시흥시
479,일산호수공원,경기도 고양시 일산동구
480,안산식물원,경기도 안산시 상록구
481,진위천유원지,경기도 평택시
482,국립산음자연휴양림,경기도 양평군
483,평택호관광단지,경기도 평택시
484,미리내 성지,경기도 안성시
485,파주임진각,경기도 파주시
486,도라산역,경기도 파주시
487,하니랜드,경기도 파주시
488,소요산국민관광지,경기도 동두천시
489,국립수목원(광릉숲),경기도 남양주시
490,"화성 융릉(장조,헌경왕후)과 건릉(정조,효의왕후) [유네스코 세계문화유산]",경기도 화성시
491,1.21 무장공비 침투로,경기도 연천군
492,김포 수안산성,경기도 김포시
493,세종천문대,경기도 여주시
494,포천허브아일랜드,경기도 포천시
495,중미산자연휴양림,경기도 양평군
496,파주이이유적,경기도 파주시
497,중원폭포,경기도 양평군
498,반구정과 황희선생유적지,경기도 파주시
499,파주 삼릉 [유네스코 세계문화유산],경기도 파주시
500,와우정사(용인),경기도 용인시 처인구
501,벽계구곡,경기도 양평군
502,화석정,경기도 파주시
503,이천 산수유마을,경기도 이천시
504,중미산 천문대,경기도 양평군
505,김포국제조각공원,경기도 김포시
506,대성리 국민관광지,경기도 가평군
507,청평자연휴양림,경기도 가평군
508,한택식물원,경기도 용인시 처인구
509,축령산자연휴양림,경기도 남양주시
510,명지산군립공원,경기도 가평군
511,에버랜드,경기도 용인시 처인구
512,여주 고달사지,경기도 여주시
513,고려 공양왕릉,경기도 고양시 덕양구
514,원당종마목장(렛츠런팜원당),경기도 고양시 덕양구
515,오이도,경기도 시흥시
516,안산갈대습지공원,경기도 안산시 상록구
517,시화호,경기도 안산시 단원구
518,광교산,경기도 수원시 장안구
519,열두개울,경기도 포천시
520,율동공원,경기도 성남시 분당구
521,율암온천숯가마테마파크,경기도 화성시
522,너리굴 문화마을,경기도 안성시
523,누에섬등대전망대,경기도 안산시 단원구
524,이천부래미마을,경기도 이천시
525,죽주산성,경기도 안성시
526,고삼호수,경기도 안성시
527,양평 민물고기 생태학습관,경기도 양평군
528,두물머리애벌레생태학교,경기도 양평군
529,양평들꽃수목원,경기도 양평군
530,아라크노피아 생태수목원·주필거미박물관,경기도 남양주시
531,헤이리예술마을,경기도 파주시
532,태산패밀리파크,경기도 김포시
533,누리천문대,경기도 군포시
534,여주참숯마을,경기도 여주시
535,연천호로고루,경기도 연천군
536,자연과별천문대,경기도 가평군
537,벽초지문화수목원,경기도 파주시
538,우농타조농장,경기도 파주시
539,연천 경순왕릉,경기도 연천군
540,열쇠전망대,경기도 연천군
541,전곡선사박물관,경기도 연천군
542,이천 자채방아마을,경기도 이천시
543,프로방스마을,경기도 파주시
544,경기영어마을 파주캠프,경기도 파주시
545,나혜석거리,경기도 수원시 팔달구
546,제부도해안산책로(제비꼬리길),경기도 화성시
547,일산 어린이천문대,경기도 고양시 일산동구
548,경기도립물향기수목원,경기도 오산시
549,신륵사(여주),경기도 여주시
550,풀향기 허브나라,경기도 양평군
551,양평두물머리,경기도 양평군
552,테르메덴,경기도 이천시
553,목아박물관,경기도 여주시
554,어비계곡,경기도 가평군
555,용추폭포,경기도 가평군
556,구리타워,경기도 구리시
557,수종사,경기도 남양주시
558,화성공룡알화석지,경기도 화성시
559,화성 백미리마을,경기도 화성시
560,바람새마을,경기도 평택시
561,파주 장단콩마을,경기도 파주시
562,큰숲 안양워터랜드,경기도 안양시 만안구
563,청암민속박물관,경기도 양주시
564,안성 남사당 공연장,경기도 안성시
565,부천자연생태공원,경기도 부천시
566,덕포진교육박물관,경기도 김포시
567,안성맞춤박물관,경기도 안성시
568,경기도자박물관,경기도 광주시
569,명성황후 기념관,경기도 여주시
570,경기도박물관,경기도 용인시 기흥구
571,중남미문화원,경기도 고양시 덕양구
572,김포문화원,경기도 김포시
573,한향림 현대도자미술관,경기도 파주시
574,가평현암농경유물박물관,경기도 가평군
575,지도박물관,경기도 수원시 영통구
576,조명박물관,경기도 양주시
577,한국항공대학교 항공우주박물관,경기도 고양시 덕양구
578,영집 궁시박물관,경기도 파주시
579,박물관 얼굴,경기도 광주시
580,세계민속악기박물관,경기도 파주시
581,부천활박물관,경기도 부천시
582,다도박물관,경기도 김포시
583,신북리조트스프링폴,경기도 포천시
584,군남홍수조절지 두루미테마파크,경기도 연천군
585,오산중앙시장,경기도 오산시
586,안양중앙시장,경기도 안양시 만안구
587,지산 포레스트 리조트 스키장,경기도 이천시
588,양지파인리조트눈썰매장,경기도 용인시 처인구
589,산들소리수목원,경기도 남양주시
590,베어스타운스키장,경기도 포천시
591,더 파크 아프리카뮤지엄,경기도 포천시
592,여주박물관,경기도 여주시
593,피싱파크 진산각,경기도 김포시
594,광명전통시장,경기도 광명시
595,통진두레문화센터,경기도 김포시
596,자재암(경기),경기도 동두천시
597,통진향교,경기도 김포시
598,하우현성당,경기도 의왕시
599,설봉공원,경기도 이천시
600,삼성산산림욕장,경기도 안양시 만안구
601,안양중앙공원,경기도 안양시 동안구
602,안성허브마을,경기도 안성시
603,배다골테마파크,경기도 고양시 덕양구
604,심학산산림공원,경기도 파주시
605,평택국제중앙시장,경기도 평택시
606,한국잡월드,경기도 성남시 분당구
607,광주 곤지암도자공원,경기도 광주시
608,경기 남양주 조안 [슬로시티],경기도 남양주시
609,유리섬박물관,경기도 안산시 단원구
610,의왕조류생태과학관,경기도 의왕시
611,원마운트스노우파크,경기도 고양시 일산동구
612,돼지박물관(돼지보러오면돼지),경기도 이천시
613,일산동물의왕국,경기도 고양시 일산서구
614,부천동물테마파크하이주,경기도 부천시
615,대광사(성남),경기도 성남시 분당구
616,대포서원(김포),경기도 김포시
617,문헌서원,경기도 오산시
618,해우재,경기도 수원시 장안구
619,헤이리 커피박물관,경기도 파주시
620,추사박물관,경기도 과천시
621,피노지움,경기도 파주시
622,아쿠아플라넷일산,경기도 고양시 일산동구
623,심곡서원,경기도 용인시 수지구
624,구리시민한강공원(코스모스공원),경기도 구리시
625,김포대명항,경기도 김포시
626,안산다문화특구,경기도 안산시 단원구
627,광명업사이클아트센터,경기도 광명시
628,수원시립아이파크미술관,경기도 수원시 팔달구
629,포천어메이징파크,경기도 포천시
630,웃다리문화촌,경기도 평택시
631,에델바이스스위스테마파크,경기도 가평군
632,경인아라뱃길,경기도 김포시
633,약암홍염천,경기도 김포시
634,인터렉티브아트뮤지엄,경기도 가평군
635,추억의 청춘뮤지엄,경기도 양평군
636,리틀빅아이자유숲놀이터,경기도 양주시
637,수원광교박물관,경기도 수원시 영통구
638,형도,경기도 화성시
639,캠프 그리브스,경기도 파주시
640,판교박물관,경기도 성남시 분당구
641,현대어린이책미술관,경기도 성남시 분당구
642,편백숲힐링토피아,경기도 성남시 수정구
643,포천아트밸리,경기도 포천시
644,주렁주렁(롯데빅마켓킨텍스점),경기도 고양시 일산서구
645,화담숲,경기도 광주시
646,스포츠몬스터하남,경기도 하남시
647,잣향기푸른숲,경기도 가평군
648,김포독립운동기념관,경기도 김포시
649,금강정사,경기도 광명시
650,팔달산,경기도 수원시 팔달구
651,김포인삼쌀맥주갤러리,경기도 김포시
652,김포함상공원,경기도 김포시
653,와동 생태곤충 체험관,경기도 안산시 단원구
654,평강식물원,경기도 포천시
655,"파주 장릉(인조,인열왕후) [유네스코 세계문화유산]",경기도 파주시
656,남양주 사릉(정순왕후) [유네스코 세계문화유산],경기도 남양주시
657,송암스페이스센터,경기도 양주시
658,연천역 급수탑,경기도 연천군
659,내동마을 연꽃단지,경기도 용인시 처인구
660,출판도시 활판인쇄박물관,경기도 파주시
661,경기북부어린이박물관,경기도 동두천시
662,나를 찾는 정원 (R401 Discovery Park),경기도 양평군
663,임진강 황포돛배,경기도 파주시
664,국립양평치유의숲,경기도 양평군
665,은하초코기사단,경기도 용인시 처인구
666,정토사(성남),경기도 성남시 수정구
667,보름산미술관(김포),경기도 김포시
668,퍼스트가든,경기도 파주시
669,도라전망대,경기도 파주시
670,우음도,경기도 화성시
671,덕평공룡수목원,경기도 이천시
672,화성우리꽃식물원,경기도 화성시
673,시흥오이도박물관,경기도 시흥시
674,CICA 미술관,경기도 김포시
675,GRC 국제 무선모형 자동차 트랙,경기도 김포시
676,은대리 판상절리와 습곡구조 (한탄강 국가지질공원),경기도 연천군
677,중대물빛공원,경기도 광주시
678,의정부제일시장,경기도 의정부시
679,계류리 예술창고,경기도 포천시
680,멍우리 협곡 (한탄강 국가지질공원),경기도 포천시
681,포천아우라지배개용암(한탄강국가지질공원),경기도 포천시
682,허브빌리지,경기도 연천군
683,망경암,경기도 성남시 수정구
684,금정사(김포),경기도 김포시
685,국녕사(경기),경기도 고양시 덕양구
686,한탄강주상절리길,경기도 포천시
687,용인 대장금 파크,경기도 용인시 처인구
688,대부바다향기테마파크,경기도 안산시 단원구
689,김포 사색의 길,경기도 김포시
690,김포한강야생조류생태공원,경기도 김포시
691,신해철거리,경기도 성남시 중원구
692,광명동굴(가학광산),경기도 광명시
693,율봄식물원,경기도 광주시
694,수원사(수원),경기도 수원시 팔달구
695,한과문화박물관 한가원,경기도 포천시
696,용문산자연휴양림,경기도 양평군
697,국립 운악산자연휴양림,경기도 포천시
698,세미원,경기도 양평군
699,부천식물원,경기도 부천시
700,용화사(김포),경기도 김포시
701,봉녕사(수원),경기도 수원시 팔달구
702,망해암,경기도 안양시 동안구
703,오이도음식문화거리,경기도 시흥시
704,대부도방아머리먹거리타운,경기도 안산시 단원구
705,평촌먹거리촌,경기도 안양시 동안구
706,쁘띠프랑스,경기도 가평군
707,호명호수공원,경기도 가평군
708,경인아라뱃길유람선 현대크루즈호,경기도 김포시
709,웅진플레이도시 워터도시,경기도 부천시
710,하남이성산성,경기도 하남시
711,선인장다육식물연구소(구선인장연구소),경기도 고양시 일산서구
712,은행식물원(은행자연관찰원),경기도 성남시 중원구
713,파주 나비나라박물관,경기도 파주시
714,포천 이동갈비마을,경기도 포천시
715,의정부부대찌개거리,경기도 의정부시
716,옥천리 냉면마을,경기도 양평군
717,천서리 막국수촌,경기도 여주시
718,분원리 붕어찜마을,경기도 광주시
719,까치울먹거리촌(작동먹거리촌),경기도 부천시
720,단대동닭죽촌,경기도 성남시 수정구
721,파주 맛고을 음식문화거리,경기도 파주시
722,제부도 모세거리,경기도 화성시
723,국립과천과학관,경기도 과천시
724,안산 어촌민속박물관,경기도 안산시 단원구
725,곤지암리조트,경기도 광주시
726,수원박물관,경기도 수원시 영통구
727,장흥자생수목원,경기도 양주시
728,경안천 습지생태공원,경기도 광주시
729,연천 나룻배마을,경기도 연천군
730,동주염전,경기도 안산시 단원구
731,발안식염온천,경기도 화성시
732,화성베어팜,경기도 화성시
733,우저서원,경기도 김포시
734,걸포중앙공원,경기도 김포시
735,양평 황순원문학촌 소나기마을,경기도 양평군
736,평화랜드,경기도 파주시
737,월화원,경기도 수원시 팔달구
738,검단산,경기도 하남시
739,마장호수,경기도 파주시
740,일영허브랜드,경기도 양주시
741,재미있는 추억 박물관,경기도 파주시
742,연꽃테마파크,경기도 시흥시
743,광주산두른마을[농촌전통테마],경기도 광주시
744,화도하수처리장피아노폭포,경기도 남양주시
745,자라섬오토캠핑장,경기도 가평군
746,관곡지,경기도 시흥시
747,시흥갯골생태공원,경기도 시흥시
748,상동호수공원,경기도 부천시
749,도당공원,경기도 부천시
750,대원공원,경기도 성남시 중원구
751,한재당,경기도 김포시
752,월곶면민만세운동유적비,경기도 김포시
753,진주목장 낙농체험,경기도 화성시
754,팔당호,경기도 광주시
755,용인자연휴양림,경기도 용인시 처인구
756,오대산국립공원,강원도 평창군
757,태백산국립공원,강원도 태백시
758,치악산국립공원,강원도 원주시
759,설악산국립공원(내설악),강원도 인제군
760,국립 삼봉자연휴양림,강원도 홍천군
761,국립 대관령자연휴양림,강원도 강릉시
762,국립 용대자연휴양림,강원도 인제군
763,국립청태산자연휴양림,강원도 횡성군
764,광치자연휴양림,강원도 양구군
765,알펜시아 오션700,강원도 평창군
766,무릉계곡,강원도 동해시
767,십이선녀탕(탕수동계곡),강원도 인제군
768,어라연 (강원고생대 국가지질공원),강원도 영월군
769,순담계곡,강원도 철원군
770,직탕폭포 (한탄강 국가지질공원),강원도 철원군
771,삼부연폭포 (한탄강 국가지질공원),강원도 철원군
772,한계령,강원도 양양군
773,민둥산,강원도 정선군
774,강촌유원지,강원도 춘천시
775,삼악산(춘천),강원도 춘천시
776,"장호해수욕장(장호항, 장호해변)",강원도 삼척시
777,어달해변,강원도 동해시
778,속초해변,강원도 속초시
779,낙산해수욕장,강원도 양양군
780,"남애해변(남애1, 3리)",강원도 양양군
781,주문진해변,강원도 강릉시
782,사천해변(사천해수욕장),강원도 강릉시
783,남항진해변(남항진해수욕장),강원도 강릉시
784,아야진해변,강원도 고성군
785,지경리해변,강원도 양양군
786,청평사(춘천),강원도 춘천시
787,법흥사(영월),강원도 영월군
788,청초호,강원도 속초시
789,춘천호,강원도 춘천시
790,황지연못,강원도 태백시
791,마곡유원지,강원도 홍천군
792,모곡밤벌유원지,강원도 홍천군
793,고씨굴(강원고생대국가지질공원),강원도 영월군
794,죽도해변(양양),강원도 양양군
795,망상해변,강원도 동해시
796,파로호(화천),강원도 화천군
797,삼척 죽서루,강원도 삼척시
798,영월 장릉(단종) [유네스코 세계문화유산],강원도 영월군
799,강릉경포대,강원도 강릉시
800,강릉오죽헌,강원도 강릉시
801,청령포(강원고생대국가지질공원),강원도 영월군
802,고석정국민관광지,강원도 철원군
803,아우라지,강원도 정선군
804,양양낙산사,강원도 양양군
805,백담사,강원도 인제군
806,국립 방태산자연휴양림,강원도 인제군
807,궁촌해변(궁촌해수욕장),강원도 삼척시
808,간현관광지,강원도 원주시
809,파로호(양구),강원도 양구군
810,두타연(강원평화지역국가지질공원),강원도 양구군
811,속초관광수산시장,강원도 속초시
812,을지전망대,강원도 양구군
813,설악 흔들바위,강원도 속초시
814,고성 왕곡마을,강원도 고성군
815,소양호(춘천),강원도 춘천시
816,가진해변,강원도 고성군
817,초도해변,강원도 고성군
818,명파해변,강원도 고성군
819,주천강자연휴양림,강원도 횡성군
820,남애항,강원도 양양군
821,용연동굴 (강원고생대 국가지질공원),강원도 태백시
822,대이리 동굴지대,강원도 삼척시
823,용평리조트,강원도 평창군
824,설악워터피아,강원도 속초시
825,봉수대해변,강원도 고성군
826,철원 철새도래지 (철원평야),강원도 철원군
827,강원도립화목원,강원도 춘천시
828,원주 법천사지,강원도 원주시
829,동강(정선),강원도 정선군
830,대관령황태덕장마을,강원도 평창군
831,양양 송천떡마을,강원도 양양군
832,강릉 통일공원,강원도 강릉시
833,이효석문화마을,강원도 평창군
834,검룡소 (강원고생대 국가지질공원),강원도 태백시
835,청간해변,강원도 고성군
836,허브나라농원,강원도 평창군
837,초곡해수욕장,강원도 삼척시
838,원평해변(원평해수욕장),강원도 삼척시
839,증산해변(증산 해수욕장),강원도 삼척시
840,안목해변,강원도 강릉시
841,엘리시안 강촌,강원도 춘천시
842,공지천(황금비늘테마거리),강원도 춘천시
843,설악산국립공원,강원도 속초시
844,송지호해안서낭바위(강원평화지역국가지질공원),강원도 고성군
845,집다리골자연휴양림,강원도 춘천시
846,남이섬,강원도 춘천시
847,화천 비목공원,강원도 화천군
848,강릉 구라미온천,강원도 강릉시
849,김유정문학촌,강원도 춘천시
850,오대산 소금강계곡,강원도 강릉시
851,미시령계곡,강원도 인제군
852,수입천(하천),강원도 양구군
853,송지호 해수욕장,강원도 고성군
854,맹방해변,강원도 삼척시
855,국립 미천골자연휴양림,강원도 양양군
856,대암산 용늪 (강원평화지역 국가지질공원),강원도 양구군
857,삼척 해신당공원,강원도 삼척시
858,속초 설악해맞이공원,강원도 속초시
859,박경리문학공원,강원도 원주시
860,옥계해변,강원도 강릉시
861,고성통일전망타워,강원도 고성군
862,척산온천지구,강원도 속초시
863,안흥찐빵마을,강원도 횡성군
864,치악산자연휴양림,강원도 원주시
865,홍천 아로마 허브동산,강원도 홍천군
866,공지천 조각공원,강원도 춘천시
867,학사평 콩꽃마을 순두부촌,강원도 속초시
868,추암촛대바위,강원도 동해시
869,장호항,강원도 삼척시
870,경포해변,강원도 강릉시
871,정동진해변,강원도 강릉시
872,문암1리해변 (자작도),강원도 고성군
873,영진해변,강원도 강릉시
874,사근진해변(사근진해수욕장),강원도 강릉시
875,모래시계공원,강원도 강릉시
876,하조대 무인등대,강원도 양양군
877,묵호항,강원도 동해시
878,소돌아들바위공원,강원도 강릉시
879,소양강처녀상,강원도 춘천시
880,설악 파인리조트 가든스파,강원도 속초시
881,팔석정,강원도 평창군
882,대관령양떼목장,강원도 평창군
883,홍천비발디파크,강원도 홍천군
884,태백고원자연휴양림,강원도 태백시
885,섬강(섬강유원지),강원도 횡성군
886,박수근미술관,강원도 양구군
887,영월곤충박물관,강원도 영월군
888,평창무이예술관,강원도 평창군
889,화진포 해양박물관,강원도 고성군
890,조선민화박물관,강원도 영월군
891,대관령박물관,강원도 강릉시
892,구봉산전망대카페거리,강원도 춘천시
893,용소막성당,강원도 원주시
894,원주원성성남리성황림,강원도 원주시
895,대포항,강원도 속초시
896,주문진항,강원도 강릉시
897,이승복기념관,강원도 평창군
898,춘천막국수체험박물관,강원도 춘천시
899,아라리인형의집,강원도 정선군
900,양구통일관,강원도 양구군
901,강원종합박물관,강원도 삼척시
902,강원경찰박물관,강원도 춘천시
903,모형항공기박물관,강원도 춘천시
904,정선향토박물관,강원도 정선군
905,인제산촌민속박물관,강원도 인제군
906,알펜시아리조트,강원도 평창군
907,백룡동굴(강원고생대국가지질공원),강원도 평창군
908,강릉 동부시장,강원도 강릉시
909,강릉중앙시장,강원도 강릉시
910,원주중앙시장,강원도 원주시
911,삼척 도계전두시장,강원도 삼척시
912,오크밸리스키장,강원도 원주시
913,용평리조트 스키장,강원도 평창군
914,휘닉스파크(워터파크),강원도 평창군
915,웰리힐리파크,강원도 횡성군
916,태백 상장동 벽화마을,강원도 태백시
917,금대봉야생화 군락지,강원도 태백시
918,365세이프타운,강원도 태백시
919,평화의댐(화천),강원도 화천군
920,"홍천테마파크(구, 예술촌)",강원도 홍천군
921,팔봉산관광지,강원도 홍천군
922,제이드가든수목원,강원도 춘천시
923,로하스파크&와카푸카,강원도 평창군
924,하이원리조트,강원도 정선군
925,태백 고생대자연사박물관,강원도 태백시
926,삼척 맹방유채꽃 마을,강원도 삼척시
927,호안다구박물관,강원도 영월군
928,구은사,강원도 철원군
929,대관령 하늘목장,강원도 평창군
930,강촌레일파크,강원도 춘천시
931,인도미술박물관,강원도 영월군
932,외옹치해변,강원도 속초시
933,홍천은행나무숲,강원도 홍천군
934,강원 영월 김삿갓 [슬로시티],강원도 영월군
935,원대리자작나무숲(속삭이는자작나무숲),강원도 인제군
936,소금산,강원도 원주시
937,유현문화관광지,강원도 횡성군
938,어답산관광지,강원도 횡성군
939,동해무릉건강숲,강원도 동해시
940,원주허브팜,강원도 원주시
941,DMZ생태평화공원,강원도 철원군
942,파로호 안보전시관,강원도 화천군
943,소이산 생태숲 녹색길,강원도 철원군
944,인제스피디움리조트 서킷,강원도 인제군
945,수로부인헌화공원(남화산해맞이공원),강원도 삼척시
946,강릉시립미술관,강원도 강릉시
947,행구수변공원,강원도 원주시
948,한지공예관,강원도 원주시
949,조엄기념관,강원도 원주시
950,옻칠기공예관,강원도 원주시
951,곤충마을박물관,강원도 원주시
952,박사마을,강원도 춘천시
953,강촌환경생태연못,강원도 춘천시
954,강촌랜드,강원도 춘천시
955,소양강스카이워크,강원도 춘천시
956,통일공원함정전시관,강원도 강릉시
957,자연아놀자 체험학습박물관,강원도 강릉시
958,옥계항,강원도 강릉시
959,안반데기 마을,강원도 강릉시
960,심곡항,강원도 강릉시
961,수상한마법학교,강원도 강릉시
962,사천항,강원도 강릉시
963,매월당김시습기념관,강원도 강릉시
964,경포가시연습지,강원도 강릉시
965,강릉안목해맞이공원,강원도 강릉시
966,갈남항,강원도 삼척시
967,수산항,강원도 양양군
968,물치해변,강원도 양양군
969,범패사,강원도 태백시
970,만덕사,강원도 태백시
971,한섬해변,강원도 동해시
972,하평해변,강원도 동해시
973,삼화사 템플스테이,강원도 동해시
974,감추해변,강원도 동해시
975,가원습지 생태자연공원,강원도 동해시
976,영월음향역사박물관,강원도 영월군
977,영월미디어기자박물관,강원도 영월군
978,영월동강생태공원,강원도 영월군
979,술샘박물관,강원도 영월군
980,만봉불화박물관,강원도 영월군
981,올챙이추억전시관,강원도 횡성군
982,강원도자연환경연구공원,강원도 홍천군
983,월천리 솔섬,강원도 삼척시
984,중광정해변,강원도 양양군
985,정암해변,강원도 양양군
986,초도항,강원도 고성군
987,천진항,강원도 고성군
988,자작도해변,강원도 고성군
989,아야진항,강원도 고성군
990,봉포항,강원도 고성군
991,거진등대해맞이공원,강원도 고성군
992,쾌연재도자미술관,강원도 영월군
993,초등교육박물관,강원도 영월군
994,제이큐브미술관,강원도 영월군
995,영월종교미술박물관,강원도 영월군
996,강릉커피거리,강원도 강릉시
997,아라리촌,강원도 정선군
998,고생대 화석산지,강원도 태백시
999,철원토성및석조물,강원도 철원군
1000,효석문화마을,강원도 평창군
1001,원당계곡,강원도 평창군
1002,한반도섬,강원도 양구군
1003,야생동물생태관,강원도 양구군
1004,백두대간 생태수목원,강원도 정선군
1005,동강전망자연휴양림,강원도 정선군
1006,상동리 석불좌상 및 삼층석탑,강원도 인제군
1007,대산계곡,강원도 횡성군
1008,리빙스턴교,강원도 인제군
1009,속초아바이마을,강원도 속초시
1010,진부령미술관,강원도 고성군
1011,하늬라벤더팜,강원도 고성군
1012,자규루 및 관풍헌,강원도 영월군
1013,알파카월드,강원도 홍천군
1014,삼탄아트마인,강원도 정선군
1015,사북 탄광문화관광촌,강원도 정선군
1016,화천조경철천문대,강원도 화천군
1017,곡운구곡 (강원평화지역 국가지질공원),강원도 화천군
1018,해산전망대,강원도 화천군
1019,칠성전망대,강원도 화천군
1020,수달연구센터,강원도 화천군
1021,산타우체국,강원도 화천군
1022,국립대관령치유의숲,강원도 강릉시
1023,감자꽃 스튜디오,강원도 평창군
1024,삼척 대학로,강원도 삼척시
1025,낙엽송숲,강원도 횡성군
1026,기억을 모으는 미술관 ART-TEA,강원도 태백시
1027,새천년해안도로,강원도 삼척시
1028,매봉산풍력발전단지(바람의 언덕),강원도 태백시
1029,웰컴투동막골촬영지,강원도 평창군
1030,소양호 막국수거리,강원도 춘천시
1031,의암호 스카이워크,강원도 춘천시
1032,허난설헌 솔숲,강원도 강릉시
1033,평창 스키점프 전망대,강원도 평창군
1034,화천 반지교&아를테마수목공원,강원도 화천군
1035,산천어커피박물관,강원도 화천군
1036,국립횡성숲체원,강원도 횡성군
1037,쉬리마을,강원도 철원군
1038,철원노동당사,강원도 철원군
1039,제2땅굴(철원),강원도 철원군
1040,춘천명동거리,강원도 춘천시
1041,춘천 애니메이션박물관,강원도 춘천시
1042,뮤지엄 산,강원도 원주시
1043,소양강 하안단구 (강원평화지역 국가지질공원),강원도 인제군
1044,대교천 현무암 협곡 (한탄강 국가지질공원),강원도 철원군
1045,미술관 자작나무숲,강원도 횡성군
1046,도직해변,강원도 강릉시
1047,염전해변,강원도 강릉시
1048,사천진해변(사천뒷불해수욕장),강원도 강릉시
1049,양구생태식물원,강원도 양구군
1050,철원평화전망대,강원도 철원군
1051,토교저수지(철새도래지),강원도 철원군
1052,화진포의 성(김일성별장),강원도 고성군
1053,국립 두타산자연휴양림,강원도 평창군
1054,횡성자연휴양림,강원도 횡성군
1055,영천사(원주),강원도 원주시
1056,"월남 파병용사 만남의 장 (구, 베트남 참전용사 만남의 장)",강원도 화천군
1057,국토정중앙천문대,강원도 양구군
1058,고성DMZ박물관,강원도 고성군
1059,한반도 뗏목마을,강원도 영월군
1060,해담마을,강원도 양양군
1061,승리전망대,강원도 철원군
1062,횡계 오삼불고기 거리,강원도 평창군
1063,국립 백운산자연휴양림(원주),강원도 원주시
1064,춘천숲자연휴양림,강원도 춘천시
1065,오투리조트 스키장,강원도 태백시
1066,송지호관망타워,강원도 고성군
1067,강원도탄광문화촌,강원도 영월군
1068,홍천 살둔마을,강원도 홍천군
1069,춘천강언덕마을[농촌전통테마],강원도 춘천시
1070,호암지,충청북도 충주시
1071,충주탄금대와탄금대공원,충청북도 충주시
1072,청주중앙공원,충청북도 청주시 상당구
1073,단양 고수동굴,충청북도 단양군
1074,선유구곡(선유동계곡),충청북도 괴산군
1075,월악산국립공원,충청북도 제천시
1076,조령산자연휴양림,충청북도 괴산군
1077,정지용문학관,충청북도 옥천군
1078,반기문 유엔사무총장 생가마을,충청북도 음성군
1079,율리휴양촌,충청북도 증평군
1080,영동 난계사,충청북도 영동군
1081,배론성지,충청북도 제천시
1082,충주 미륵대원지,충청북도 충주시
1083,진천농다리,충청북도 진천군
1084,청주 흥덕사지,충청북도 청주시 흥덕구
1085,청주상당산성,충청북도 청주시 상당구
1086,도담삼봉,충청북도 단양군
1087,보은법주사[유네스코세계문화유산],충청북도 보은군
1088,용암사(옥천),충청북도 옥천군
1089,정방사,충청북도 제천시
1090,구담봉.옥순봉,충청북도 단양군
1091,"장령산자연휴양림(구, 장용산자연휴양림)",충청북도 옥천군
1092,화양구곡(화양동계곡),충청북도 괴산군
1093,속리산국립공원(충북),충청북도 보은군
1094,진천 김유신 탄생지와 태실,충청북도 진천군
1095,청주정북동토성,충청북도 청주시 청원구
1096,문의문화재단지,충청북도 청주시 상당구
1097,황정산,충청북도 단양군
1098,보은 속리 정이품송,충청북도 보은군
1099,청풍문화재단지,충청북도 제천시
1100,청남대,충청북도 청주시 상당구
1101,탁사정,충청북도 제천시
1102,하늘재,충청북도 충주시
1103,미동산수목원,충청북도 청주시 상당구
1104,제천 의림지와 제림,충청북도 제천시
1105,진천 배티 성지,충청북도 진천군
1106,만뢰산자연생태공원,충청북도 진천군
1107,백곡저수지,충청북도 진천군
1108,상수허브랜드,충청북도 청주시 서원구
1109,구인사(단양),충청북도 단양군
1110,철박물관,충청북도 음성군
1111,진천종박물관,충청북도 진천군
1112,운보의집,충청북도 청주시 청원구
1113,공군박물관,충청북도 청주시 상당구
1114,수주팔봉,충청북도 충주시
1115,벌랏한지마을,충청북도 청주시 상당구
1116,음성큰바위얼굴조각공원,충청북도 음성군
1117,중앙탑(탄금호)일원,충청북도 충주시
1118,제천 산야초마을,충청북도 제천시
1119,앙성온천지구,충청북도 충주시
1120,제천 자양영당,충청북도 제천시
1121,수양개선사유물전시관,충청북도 단양군
1122,삼탄유원지,충청북도 충주시
1123,청주백제유물전시관,충청북도 청주시 흥덕구
1124,박달재,충청북도 제천시
1125,양방산전망대,충청북도 단양군
1126,중선암,충청북도 단양군
1127,연풍성지,충청북도 괴산군
1128,괴산둔율올갱이마을,충청북도 괴산군
1129,청주육거리시장,충청북도 청주시 상당구
1130,수암골벽화마을,충청북도 청주시 청원구
1131,충주고구려비전시관,충청북도 충주시
1132,교동민화마을(관광두레 주민사업체),충청북도 제천시
1133,중부내륙순환열차(O-트레인),충청북도 제천시
1134,청풍호관광모노레일,충청북도 제천시
1135,제천한방엑스포공원,충청북도 제천시
1136,단양 다누리아쿠아리움,충청북도 단양군
1137,충주세계무술박물관,충청북도 충주시
1138,충주고구려천문과학관,충청북도 충주시
1139,봉황경(능암리섬),충청북도 충주시
1140,성불산자연휴양림,충청북도 괴산군
1141,충주호종댕이길,충청북도 충주시
1142,문성자연휴양림,충청북도 충주시
1143,제3한방명의촌 한방자연치유센터,충청북도 제천시
1144,수안보온천관광특구,충청북도 충주시
1145,산막이옛길,충청북도 괴산군
1146,증평 좌구산천문대,충청북도 증평군
1147,부소담악(추소정),충청북도 옥천군
1148,청주에듀피아,충청북도 청주시 청원구
1149,진천공예마을,충청북도 진천군
1150,충주라이트월드,충청북도 충주시
1151,영동 영모재,충청북도 영동군
1152,청주가로수길,충청북도 청주시 흥덕구
1153,문암생태공원,충청북도 청주시 흥덕구
1154,봉학골산림욕장,충청북도 음성군
1155,미타사(음성),충청북도 음성군
1156,충주세계무술공원,충청북도 충주시
1157,충북알프스자연휴양림,충청북도 보은군
1158,충주라바랜드,충청북도 충주시
1159,보강천미루나무숲,충청북도 증평군
1160,심천역(영동),충청북도 영동군
1161,청주동물원,충청북도 청주시 상당구
1162,꽃절(화사),충청북도 음성군
1163,민주지산 자연휴양림,충청북도 영동군
1164,국립 황정산자연휴양림,충청북도 단양군
1165,단호사(충주),충청북도 충주시
1166,광덕사,충청북도 증평군
1167,청풍호반케이블카,충청북도 제천시
1168,수안보 하이스파,충청북도 충주시
1169,음성흥미진진한팩토리투어센터,충청북도 음성군
1170,신두리해수욕장,충청남도 태안군
1171,태안 안면도 모감주나무군락,충청남도 태안군
1172,백사장해수욕장,충청남도 태안군
1173,어은돌해수욕장,충청남도 태안군
1174,두여해수욕장,충청남도 태안군
1175,구름포해수욕장,충청남도 태안군
1176,스플라스리솜,충청남도 예산군
1177,아리랜드,충청남도 서천군
1178,서천이색체험마을,충청남도 서천군
1179,월하성어촌체험마을,충청남도 서천군
1180,외연도,충청남도 보령시
1181,신진도,충청남도 태안군
1182,안면도,충청남도 태안군
1183,천리포해수욕장,충청남도 태안군
1184,삼봉해수욕장,충청남도 태안군
1185,몽산포해수욕장,충청남도 태안군
1186,방포해수욕장,충청남도 태안군
1187,만리포해수욕장,충청남도 태안군
1188,무창포해수욕장,충청남도 보령시
1189,칠갑산도립공원(산장로),충청남도 청양군
1190,개태사(논산),충청남도 논산시
1191,수덕사,충청남도 예산군
1192,마곡사[유네스코세계문화유산],충청남도 공주시
1193,동학사(공주),충청남도 공주시
1194,갑사,충청남도 공주시
1195,간월암(서산),충청남도 서산시
1196,부석사(서산),충청남도 서산시
1197,서산 보원사지,충청남도 서산시
1198,덕산온천지구,충청남도 예산군
1199,온양온천지구,충청남도 아산시
1200,공주공산성[유네스코세계유산],충청남도 공주시
1201,현충사,충청남도 아산시
1202,추사고택,충청남도 예산군
1203,서천 성북리 오층석탑,충청남도 서천군
1204,이상재선생 생가지,충청남도 서천군
1205,천안유관순열사유적,충청남도 천안시 동남구
1206,보령 충청수영성,충청남도 보령시
1207,개심사(서산),충청남도 서산시
1208,관촉사(논산),충청남도 논산시
1209,장곡사(충남),충청남도 청양군
1210,서천마량리동백나무숲,충청남도 서천군
1211,외암민속마을,충청남도 아산시
1212,보령 성주사지,충청남도 보령시
1213,서산 용현리 마애여래삼존상,충청남도 서산시
1214,서산해미읍성,충청남도 서산시
1215,관북리유적과부소산성[유네스코세계유산],충청남도 부여군
1216,부여 능산리 고분군 [유네스코 세계유산],충청남도 부여군
1217,서동공원과궁남지,충청남도 부여군
1218,솔뫼성지,충청남도 당진시
1219,충의사 (매헌 윤봉길 의사 유적),충청남도 예산군
1220,당진삽교호,충청남도 당진시
1221,위례산과 위례성지,충청남도 천안시 서북구
1222,춘장대해수욕장,충청남도 서천군
1223,계룡산도예촌,충청남도 공주시
1224,보령 냉풍욕장,충청남도 보령시
1225,고파도,충청남도 서산시
1226,꽃지해수욕장,충청남도 태안군
1227,공주송산리고분군과무령왕릉[유네스코세계유산],충청남도 공주시
1228,부여 정림사지 오층석탑 [유네스코 세계유산],충청남도 부여군
1229,아산온천,충청남도 아산시
1230,천리포수목원,충청남도 태안군
1231,당진항만관광공사 (삽교호 함상공원),충청남도 당진시
1232,무량사(부여),충청남도 부여군
1233,순교성지 갈매못,충청남도 보령시
1234,성주산자연휴양림,충청남도 보령시
1235,공주 석장리 유적,충청남도 공주시
1236,광덕사(천안),충청남도 천안시 동남구
1237,국립 희리산해송자연휴양림,충청남도 서천군
1238,대둔산자연휴양림,충청남도 금산군
1239,천안삼거리공원,충청남도 천안시 동남구
1240,아산공세리성당,충청남도 아산시
1241,세계꽃식물원,충청남도 아산시
1242,태안신두리해안사구,충청남도 태안군
1243,대둔산도립공원(금산),충청남도 금산군
1244,홍성온천,충청남도 홍성군
1245,천수만(철새도래지),충청남도 서산시
1246,리솜오션캐슬 아쿠아월드,충청남도 태안군
1247,학암포해수욕장,충청남도 태안군
1248,대천해수욕장,충청남도 보령시
1249,고운식물원,충청남도 청양군
1250,신두리해수욕장,충청남도 태안군
1251,태안 안면도 모감주나무군락,충청남도 태안군
1252,백사장해수욕장,충청남도 태안군
1253,어은돌해수욕장,충청남도 태안군
1254,두여해수욕장,충청남도 태안군
1255,구름포해수욕장,충청남도 태안군
1256,스플라스리솜,충청남도 예산군
1257,아리랜드,충청남도 서천군
1258,서천이색체험마을,충청남도 서천군
1259,월하성어촌체험마을,충청남도 서천군
1260,신성리갈대밭,충청남도 서천군
1261,금강하구둑 관광지,충청남도 서천군
1262,남포방조제,충청남도 보령시
1263,개화예술공원,충청남도 보령시
1264,남당리 행복마을,충청남도 서천군
1265,삼길포항,충청남도 서산시
1266,서산 경주김씨 고택,충청남도 서산시
1267,당진왜목마을,충청남도 당진시
1268,영목항,충청남도 태안군
1269,태학산자연휴양림,충청남도 천안시 동남구
1270,꽃지해안공원,충청남도 태안군
1271,독산해수욕장(홀뫼해수욕장),충청남도 보령시
1272,공주 갑사 철당간,충청남도 공주시
1273,아그로랜드 태신목장,충청남도 당진시
1274,부여 송국리 유적,충청남도 부여군
1275,선도리갯벌체험마을,충청남도 서천군
1276,조류생태전시관,충청남도 서천군
1277,비인향교,충청남도 서천군
1278,한국최초 성경전래지 기념관,충청남도 서천군
1279,홍원항,충청남도 서천군
1280,국립 오서산자연휴양림,충청남도 보령시
1281,보령성곽&보령관아문,충청남도 보령시
1282,용두해수욕장,충청남도 보령시
1283,오천항,충청남도 보령시
1284,대천항,충청남도 보령시
1285,남포읍성,충청남도 보령시
1286,천방산,충청남도 서천군
1287,부사방조제,충청남도 서천군
1288,숭의사,충청남도 태안군
1289,청산수목원,충청남도 태안군
1290,상록리조트눈썰매장,충청남도 천안시 동남구
1291,예당저수지(예당관광지),충청남도 예산군
1292,계룡산자연사박물관,충청남도 공주시
1293,유관순열사기념관,충청남도 천안시 동남구
1294,한국고건축박물관,충청남도 예산군
1295,온양민속박물관,충청남도 아산시
1296,국립부여박물관,충청남도 부여군
1297,천안독립기념관,충청남도 천안시 동남구
1298,국립공주박물관,충청남도 공주시
1299,안면암(태안),충청남도 태안군
1300,공주치즈스쿨,충청남도 공주시
1301,홍성조류탐사과학관,충청남도 홍성군
1302,추사김정희선생고택·묘,충청남도 예산군
1303,아산 윤보선 대통령 생가,충청남도 아산시
1304,백리포해수욕장,충청남도 태안군
1305,온주아문 및 동헌,충청남도 아산시
1306,한산향교,충청남도 서천군
1307,탑정저수지,충청남도 논산시
1308,서천특화시장,충청남도 서천군
1309,광천 토굴새우젓시장,충청남도 홍성군
1310,아산시온천관광특구,충청남도 아산시
1311,서천향교,충청남도 서천군
1312,광천토굴새우젓단지,충청남도 홍성군
1313,무궁화학습원(괴목정),충청남도 계룡시
1314,한국(문인)인장박물관,충청남도 예산군
1315,장항송림산림욕장 (장항 솔숲),충청남도 서천군
1316,천안박물관,충청남도 천안시 동남구
1317,금산생태숲,충청남도 금산군
1318,국립생태원(서천),충청남도 서천군
1319,보령천북굴단지,충청남도 보령시
1320,남당항,충청남도 홍성군
1321,서산버드랜드,충청남도 서산시
1322,고마나루,충청남도 공주시
1323,하늘물빛정원,충청남도 금산군
1324,국립해양생물자원관,충청남도 서천군
1325,장항 스카이워크 (기벌포 해전 전망대),충청남도 서천군
1326,백석올미마을,충청남도 당진시
1327,중리어촌체험마을,충청남도 서산시
1328,알프스마을,충청남도 청양군
1329,서천 동자북마을,충청남도 서천군
1330,곡교천변은행나무길,충청남도 아산시
1331,논산 선샤인스튜디오,충청남도 논산시
1332,예산황새공원,충청남도 예산군
1333,봉선저수지,충청남도 서천군
1334,서동요 테마파크,충청남도 부여군
1335,안면도미로공원,충청남도 태안군
1336,부여 나성 [유네스코 세계문화유산],충청남도 부여군
1337,아름다운정원화수목,충청남도 천안시 동남구
1338,동백꽃마을,충청남도 서천군
1339,천안남산중앙시장,충청남도 천안시 동남구
1340,이안숲속,충청남도 공주시
1341,국립 용현자연휴양림,충청남도 서산시
1342,영수암(서천),충청남도 서천군
1343,봉서사(서천),충청남도 서천군
1344,금산인삼약령시장,충청남도 금산군
1345,중앙호수공원 카페거리,충청남도 서산시
1346,공주 중동성당,충청남도 공주시
1347,에코힐링 황톳길,충청남도 천안시 서북구
1348,아산만방조제,충청남도 아산시
1349,지중해마을,충청남도 아산시
1350,보령 청소역,충청남도 보령시
1351,서산 유기방가옥,충청남도 서산시
1352,서천황새마을,충청남도 서천군
1353,칠갑산천문대 스타파크,충청남도 청양군
1354,피나클랜드,충청남도 아산시
1355,서천 달고개모시마을,충청남도 서천군
1356,유부도,충청남도 서천군
1357,웅도,충청남도 서산시
1358,호도,충청남도 보령시
1359,뱀사골계곡,전라북도 남원시
1360,도솔계곡(선운산),전라북도 고창군
1361,장안산군립공원,전라북도 장수군
1362,강천산군립공원,전라북도 순창군
1363,변산반도국립공원,전라북도 부안군
1364,덕유산국립공원,전라북도 무주군
1365,선운산(전북서해안권국가지질공원),전라북도 고창군
1366,마이산도립공원,전라북도 진안군
1367,보리나라학원농장,전라북도 고창군
1368,대아수목원,전라북도 완주군
1369,덕진공원,전라북도 전주시 덕진구
1370,사선대관광지&조각공원,전라북도 임실군
1371,장자도,전라북도 군산시
1372,어청도,전라북도 군산시
1373,신시도 어촌체험마을,전라북도 군산시
1374,무녀도,전라북도 군산시
1375,구시포해수욕장,전라북도 고창군
1376,격포해변,전라북도 부안군
1377,변산해수욕장,전라북도 부안군
1378,상록해수욕장,전라북도 부안군
1379,논개사당(의암사),전라북도 장수군
1380,고창읍성,전라북도 고창군
1381,광한루원,전라북도 남원시
1382,정읍 피향정,전라북도 정읍시
1383,전주풍패지관,전라북도 전주시 완산구
1384,실상사(남원),전라북도 남원시
1385,내소사(부안),전라북도 부안군
1386,망해사(김제),전라북도 김제시
1387,교룡산국민관광지,전라북도 남원시
1388,은파호수공원(은파국민관광지),전라북도 군산시
1389,논개-논개생가지,전라북도 장수군
1390,한국도로공사수목원,전라북도 전주시 덕진구
1391,와룡자연휴양림,전라북도 장수군
1392,익산 토성,전라북도 익산시
1393,바래봉,전라북도 남원시
1394,칠연계곡,전라북도 무주군
1395,옥정호(물안개길),전라북도 임실군
1396,성수산자연휴양림,전라북도 임실군
1397,고창 고인돌 유적 [유네스코 세계문화유산],전라북도 고창군
1398,남원관광단지,전라북도 남원시
1399,운일암 반일암 계곡,전라북도 진안군
1400,고사포해수욕장,전라북도 부안군
1401,지리산국립공원(남원),전라북도 남원시
1402,곰소항,전라북도 부안군
1403,모항해수욕장,전라북도 부안군
1404,대둔산도립공원(전북),전라북도 완주군
1405,고산자연휴양림,전라북도 완주군
1406,국립 회문산자연휴양림,전라북도 순창군
1407,화산천주교회(나바위 성당),전라북도 익산시
1408,운장산자연휴양림,전라북도 진안군
1409,은적사(군산),전라북도 군산시
1410,동국사(군산),전라북도 군산시
1411,격포항,전라북도 부안군
1412,고창 무장객사,전라북도 고창군
1413,고창 무장현 관아와 읍성,전라북도 고창군
1414,만돌갯벌체험학습장,전라북도 고창군
1415,고창하전갯벌마을,전라북도 고창군
1416,혼불문학관,전라북도 남원시
1417,구시포 해수찜월드,전라북도 고창군
1418,익산미륵사지[유네스코세계유산],전라북도 익산시
1419,서동공원,전라북도 익산시
1420,이병기선생 생가,전라북도 익산시
1421,고군산군도,전라북도 군산시
1422,농촌진흥청농업과학관,전라북도 전주시 완산구
1423,고창판소리박물관,전라북도 고창군
1424,채만식문학관,전라북도 군산시
1425,국립전주박물관,전라북도 전주시 완산구
1426,무주 트리스쿨,전라북도 무주군
1427,무주반디랜드,전라북도 무주군
1428,정읍 전봉준 유적,전라북도 정읍시
1429,고산,전라북도 고창군
1430,국사봉전망대,전라북도 임실군
1431,임실 대말방죽 숲(가시연꽃 자생지),전라북도 임실군
1432,오송제,전라북도 전주시 덕진구
1433,국립임실호국원,전라북도 임실군
1434,백제도예원,전라북도 익산시
1435,선운사(고창),전라북도 고창군
1436,전주남부시장,전라북도 전주시 완산구
1437,군산공설시장,전라북도 군산시
1438,망모당,전라북도 익산시
1439,분옥담과 선녀탕,전라북도 부안군
1440,봉래구곡,전라북도 부안군
1441,매창공원,전라북도 부안군
1442,곰소염전,전라북도 부안군
1443,광한루,전라북도 남원시
1444,개령암지 마애불상군,전라북도 남원시
1445,백산저수지,전라북도 김제시
1446,월명공원,전라북도 군산시
1447,용추폭포(고창),전라북도 고창군
1448,선운산 낙조대,전라북도 고창군
1449,도산서당,전라북도 고창군
1450,"방화동 자연휴양림,가족휴가촌",전라북도 장수군
1451,순창고추장민속마을,전라북도 순창군
1452,오봉산,전라북도 완주군
1453,추령장승촌,전라북도 순창군
1454,장군목유원지,전라북도 순창군
1455,영광정,전라북도 순창군
1456,섬진강,전라북도 순창군
1457,낙덕정,전라북도 순창군
1458,청호저수지,전라북도 부안군
1459,군산근대역사박물관,전라북도 군산시
1460,죽도(진안),전라북도 진안군
1461,용담호,전라북도 진안군
1462,칠보물테마유원지,전라북도 정읍시
1463,용산저수지,전라북도 정읍시
1464,성황산,전라북도 정읍시
1465,옥정호 구절초테마공원,전라북도 정읍시
1466,내장산조각공원,전라북도 정읍시
1467,계화도,전라북도 부안군
1468,금강호 관광지,전라북도 군산시
1469,구송정 유원지,전라북도 순창군
1470,산동리 남근석,전라북도 순창군
1471,김제벽골제,전라북도 김제시
1472,변산자연휴양림,전라북도 부안군
1473,선유도해수욕장(명사십리해수욕장),전라북도 군산시
1474,선운산 생태숲,전라북도 고창군
1475,용암서원(장수),전라북도 장수군
1476,고산창포마을,전라북도 완주군
1477,국립태권도원,전라북도 무주군
1478,웅포관광지캠핑장,전라북도 익산시
1479,데미샘,전라북도 진안군
1480,풍혈냉천,전라북도 진안군
1481,마이산 벚꽃길,전라북도 진안군
1482,익산왕궁리유적[유네스코세계유산],전라북도 익산시
1483,금산교회,전라북도 김제시
1484,라제통문,전라북도 무주군
1485,완주삼례문화예술촌,전라북도 완주군
1486,근대미술관(구)일본제18은행군산지점,전라북도 군산시
1487,남원시옻칠공예관,전라북도 남원시
1488,국사봉(순창),전라북도 순창군
1489,팔복예술공장,전라북도 전주시 덕진구
1490,경암동철길마을,전라북도 군산시
1491,익산교도소세트장,전라북도 익산시
1492,익산 액션하우스,전라북도 익산시
1493,구파백정기의사기념관,전라북도 정읍시
1494,부안 원숭이학교 자연사박물관,전라북도 부안군
1495,줄포만갯벌생태공원,전라북도 부안군
1496,되재성당,전라북도 완주군
1497,유황편백탕,전라북도 완주군
1498,완주상관편백숲,전라북도 완주군
1499,성황사(부안),전라북도 부안군
1500,전주한지박물관,전라북도 전주시 덕진구
1501,왕궁보석테마관광지(보석박물관),전라북도 익산시
1502,진안홍삼스파,전라북도 진안군
1503,임실치즈마을,전라북도 임실군
1504,위도해수욕장,전라북도 부안군
1505,전주한옥마을[슬로시티],전라북도 전주시 완산구
1506,자만마을 벽화갤러리,전라북도 전주시 완산구
1507,놀토피아,전라북도 완주군
1508,초원사진관,전라북도 군산시
1509,군산 임피역사,전라북도 군산시
1510,고창고인돌박물관,전라북도 고창군
1511,무주머루와인동굴,전라북도 무주군
1512,동학농민혁명기념관,전라북도 정읍시
1513,내변산,전라북도 부안군
1514,우화정(내장산),전라북도 정읍시
1515,정읍 농산물도매시장,전라북도 정읍시
1516,청운사(김제),전라북도 김제시
1517,증도 우전해수욕장,전라남도 신안군
1518,임자 대광해수욕장,전라남도 신안군
1519,목포유달산공원,전라남도 목포시
1520,두륜산도립공원,전라남도 해남군
1521,팔영산자연휴양림,전라남도 고흥군
1522,제암산자연휴양림,전라남도 보성군
1523,유치자연휴양림,전라남도 장흥군
1524,제암산,전라남도 장흥군
1525,영산포 홍어거리,전라남도 나주시
1526,천사섬분재공원,전라남도 신안군
1527,금일명사십리해수욕장,전라남도 완도군
1528,흑산도,전라남도 신안군
1529,홍도,전라남도 신안군
1530,수문해수욕장,전라남도 장흥군
1531,돌머리해변,전라남도 함평군
1532,가마미해수욕장,전라남도 영광군
1533,소록도(한센병박물관),전라남도 고흥군
1534,돌산도,전라남도 여수시
1535,거문도,전라남도 여수시
1536,풍류해수욕장,전라남도 고흥군
1537,선암사[유네스코세계문화유산],전라남도 순천시
1538,보림사(장흥),전라남도 장흥군
1539,연곡사(구례),전라남도 구례군
1540,도갑사,전라남도 영암군
1541,운주사,전라남도 화순군
1542,쌍봉사(화순),전라남도 화순군
1543,무위사,전라남도 강진군
1544,불갑사(영광),전라남도 영광군
1545,순천 고인돌 공원,전라남도 순천시
1546,중리해수욕장,전라남도 완도군
1547,배알도 수변공원,전라남도 광양시
1548,지리산온천랜드,전라남도 구례군
1549,보길도윤선도원림,전라남도 완도군
1550,다산초당(다산 정약용 유적지),전라남도 강진군
1551,왕인박사유적지,전라남도 영암군
1552,나주금성관,전라남도 나주시
1553,필암서원 [유네스코 세계문화유산],전라남도 장성군
1554,여수 진남관,전라남도 여수시
1555,소쇄원,전라남도 담양군
1556,송광사(순천),전라남도 순천시
1557,갓바위 문화타운,전라남도 목포시
1558,비금도,전라남도 신안군
1559,홍길동 생가,전라남도 장성군
1560,김대중 대통령 생가,전라남도 신안군
1561,"순천만습지(구,순천만자연생태공원)",전라남도 순천시
1562,자은 백길해수욕장,전라남도 신안군
1563,광양매화마을,전라남도 광양시
1564,광양옥룡사동백나무숲,전라남도 광양시
1565,조금나루해수욕장,전라남도 무안군
1566,대원사(보성),전라남도 보성군
1567,무등산,전라남도 화순군
1568,강진영랑생가,전라남도 강진군
1569,산이반도,전라남도 해남군
1570,영벽정,전라남도 화순군
1571,임대정원림,전라남도 화순군
1572,완도군청산도[슬로시티],전라남도 완도군
1573,무등산편백자연휴양림(안양산자연휴양림),전라남도 화순군
1574,백운산자연휴양림,전라남도 광양시
1575,해남 간척지 담수호 주변 철새도래지,전라남도 해남군
1576,구례산수유마을,전라남도 구례군
1577,가거도(소흑산도),전라남도 신안군
1578,백아산자연휴양림,전라남도 화순군
1579,가마골계곡,전라남도 담양군
1580,장성 축령산 편백숲 (장성 치유의 숲),전라남도 장성군
1581,달마산,전라남도 해남군
1582,백련사(강진),전라남도 강진군
1583,심청한옥마을,전라남도 곡성군
1584,화순 서유리 공룡발자국화석 산지,전라남도 화순군
1585,화순고인돌군유적[유네스코세계문화유산],전라남도 화순군
1586,초의선사 유적지,전라남도 무안군
1587,여수향일암,전라남도 여수시
1588,홀통유원지·홀통해변,전라남도 무안군
1589,월출산국립공원,전라남도 영암군
1590,보길도,전라남도 완도군
1591,지리산국립공원(지리산 노고단),전라남도 구례군
1592,관매도·관매해수욕장,전라남도 진도군
1593,만성리검은모래해변,전라남도 여수시
1594,남열해돋이해수욕장,전라남도 고흥군
1595,발포해수욕장,전라남도 고흥군
1596,완도수목원,전라남도 완도군
1597,대전해수욕장,전라남도 고흥군
1598,보성녹차밭,전라남도 보성군
1599,담양리조트 온천,전라남도 담양군
1600,다도해해상국립공원(고흥),전라남도 고흥군
1601,우이도 돈목해수욕장,전라남도 신안군
1602,비금 원평/하누넘해수욕장,전라남도 신안군
1603,암태도,전라남도 신안군
1604,자은 분계해수욕장,전라남도 신안군
1605,지도,전라남도 신안군
1606,장성호관광지,전라남도 장성군
1607,한국차문화공원(대한다원),전라남도 보성군
1608,금릉경포대,전라남도 강진군
1609,월출산온천,전라남도 영암군
1610,압록유원지,전라남도 곡성군
1611,오동도,전라남도 여수시
1612,영취산(여수),전라남도 여수시
1613,대나무골 테마공원,전라남도 담양군
1614,도곡원네스 리조트,전라남도 화순군
1615,화엄사,전라남도 구례군
1616,익금해수욕장,전라남도 고흥군
1617,거금도,전라남도 고흥군
1618,죽녹원,전라남도 담양군
1619,보해매실농원,전라남도 해남군
1620,보성 벌교 홍교,전라남도 보성군
1621,돌산공원,전라남도 여수시
1622,모사금해수욕장,전라남도 여수시
1623,송석마을,전라남도 무안군
1624,섬진강기차마을,전라남도 곡성군
1625,신리어촌체험마을,전라남도 장흥군
1626,외달도,전라남도 목포시
1627,함평 자연생태공원,전라남도 함평군
1628,법성포,전라남도 영광군
1629,무안 식영정,전라남도 무안군
1630,구례 운조루 고택,전라남도 구례군
1631,마량미항(마량항),전라남도 강진군
1632,물염적벽,전라남도 화순군
1633,관방제림,전라남도 담양군
1634,담양 식영정,전라남도 담양군
1635,담양 창평 삼지내마을[슬로시티],전라남도 담양군
1636,흑산도 해상관광유람선,전라남도 신안군
1637,한국대나무박물관,전라남도 담양군
1638,용추폭포계곡,전라남도 보성군
1639,보성 비봉리 공룡알화석 산지,전라남도 보성군
1640,망끝전망대,전라남도 완도군
1641,신지동고해수욕장,전라남도 완도군
1642,송지 대죽리 조개잡이 체험장,전라남도 해남군
1643,농업기술센터 자연생태학습장,전라남도 구례군
1644,금오도,전라남도 여수시
1645,화순 수만리들국화마을,전라남도 화순군
1646,용천사(함평),전라남도 함평군
1647,무안황토갯벌랜드(구 무안생태갯벌센터),전라남도 무안군
1648,섬진강어류생태관,전라남도 구례군
1649,남포미술관,전라남도 고흥군
1650,한국천연염색박물관,전라남도 나주시
1651,함평엑스포공원,전라남도 함평군
1652,국립남도국악원,전라남도 진도군
1653,땅끝해양자연사박물관,전라남도 해남군
1654,한국가사문학관,전라남도 담양군
1655,전라남도 농업박물관,전라남도 영암군
1656,보성군립백민미술관,전라남도 보성군
1657,성륜사(곡성),전라남도 곡성군
1658,염포해수욕장,전라남도 고흥군
1659,노화도,전라남도 완도군
1660,신지명사십리해수욕장,전라남도 완도군
1661,할미꽃 한재공원,전라남도 장흥군
1662,탐진강 생태습지원,전라남도 장흥군
1663,안마도,전라남도 영광군
1664,송이도,전라남도 영광군
1665,죽화경,전라남도 담양군
1666,청매실농원,전라남도 광양시
1667,목포근대역사관 2관,전라남도 목포시
1668,국립나주박물관,전라남도 나주시
1669,백수해안도로,전라남도 영광군
1670,순천시립 뿌리깊은나무 박물관,전라남도 순천시
1671,보길도 세연정,전라남도 완도군
1672,담양대나무숲(담양습지),전라남도 담양군
1673,목포갓바위&해상보행교,전라남도 목포시
1674,불갑사 관광지,전라남도 영광군
1675,불갑저수지 수변공원,전라남도 영광군
1676,담양 송강정,전라남도 담양군
1677,장흥동학농민혁명기념관,전라남도 장흥군
1678,거금생태숲,전라남도 고흥군
1679,하늘빛수목원,전라남도 장흥군
1680,가우도,전라남도 강진군
1681,동악산 (곡성),전라남도 곡성군
1682,가마골생태공원,전라남도 담양군
1683,여수해양레일바이크,전라남도 여수시
1684,이훈동 정원,전라남도 목포시
1685,김대중 노벨평화상기념관,전라남도 목포시
1686,세량지,전라남도 화순군
1687,율포해수욕장관광지(해수풀장),전라남도 보성군
1688,마복산 목재문화체험장,전라남도 고흥군
1689,고흥우주천문과학관,전라남도 고흥군
1690,북한 반잠수정 전시관,전라남도 여수시
1691,완도 해산물장터,전라남도 완도군
1692,담양 명옥헌 원림,전라남도 담양군
1693,중흥 골드스파&리조트 워터락,전라남도 나주시
1694,엑스포해양공원,전라남도 여수시
1695,완도 청해포구촬영장,전라남도 완도군
1696,정남진편백숲우드랜드,전라남도 장흥군
1697,정남진천문과학관,전라남도 장흥군
1698,소등섬,전라남도 장흥군
1699,정남진 전망대,전라남도 장흥군
1700,이순신공원(여수),전라남도 여수시
1701,우항리공룡박물관,전라남도 해남군
1702,덕양사,전라남도 곡성군
1703,메타세쿼이아가로수길,전라남도 담양군
1704,하화도,전라남도 여수시
1705,낭도,전라남도 여수시
1706,느랭이골 자연 리조트,전라남도 광양시
1707,해남 해바라기농장,전라남도 해남군
1708,목포근대역사관1관,전라남도 목포시
1709,목포해상케이블카,전라남도 목포시
1710,고흥분청문화박물관,전라남도 고흥군
1711,보성율포해수녹차센터,전라남도 보성군
1712,춤추는 바다분수,전라남도 목포시
1713,"여자만(시티투어,갯벌체험)",전라남도 여수시
1714,완도모노레일,전라남도 완도군
1715,야생화테마랜드,전라남도 구례군
1716,정남진물과학관,전라남도 장흥군
1717,고산윤선도유적지,전라남도 해남군
1718,무안 도요지,전라남도 무안군
1719,태평염전해양힐링스파,전라남도 신안군
1720,메타프로방스,전라남도 담양군
1721,사의재저잣거리,전라남도 강진군
1722,㈜여수예술랜드,전라남도 여수시
1723,곡성 메타세쿼이아길,전라남도 곡성군
1724,목포서산동보리마당&시화마을,전라남도 목포시
1725,적벽 (무등산권 국가지질공원),전라남도 화순군
1726,광양 윤동주 유고보존 정병욱 가옥,전라남도 광양시
1727,다도해해상국립공원(팔영산지구),전라남도 고흥군
1728,보은산,전라남도 강진군
1729,만재도,전라남도 신안군
1730,반월도·박지도,전라남도 신안군
1731,자은도,전라남도 신안군
1732,낙월도,전라남도 영광군
1733,소안도,전라남도 완도군
1734,임자도,전라남도 신안군
1735,전남신안증도[슬로시티],전라남도 신안군
1736,조도(조도6군도),전라남도 진도군
1737,순천전통야생차체험관,전라남도 순천시
1738,소설태백산맥문학관,전라남도 보성군
1739,주작산자연휴양림,전라남도 강진군
1740,완도타워,전라남도 완도군
1741,장보고기념관,전라남도 완도군
1742,창평슬로시티,전라남도 담양군
1743,스파리조트 안단테,전라남도 장흥군
1744,디오션리조트 워터파크,전라남도 여수시
1745,지죽도,전라남도 고흥군
1746,연홍도,전라남도 고흥군
1747,오시아노관광단지(캠핑장),전라남도 해남군
1748,선학동마을,전라남도 장흥군
1749,정남진(장흥),전라남도 장흥군
1750,월출산 기찬랜드,전라남도 영암군
1751,면앙정,전라남도 담양군
1752,부춘정원림,전라남도 장흥군
1753,청량산도립공원,경상북도 봉화군
1754,주왕산국립공원,경상북도 청송군
1755,문경새재도립공원,경상북도 문경시
1756,금오산도립공원,경상북도 구미시
1757,국립 통고산자연휴양림,경상북도 울진군
1758,불정자연휴양림,경상북도 문경시
1759,부용대,경상북도 안동시
1760,청도한옥학교,경상북도 청도군
1761,석포전망대,경상북도 울릉군
1762,대가야역사테마관광지,경상북도 고령군
1763,대진해수욕장,경상북도 영덕군
1764,고래불해수욕장,경상북도 영덕군
1765,울릉도,경상북도 울릉군
1766,망양정해수욕장,경상북도 울진군
1767,봉평해수욕장,경상북도 울진군
1768,장사해수욕장,경상북도 영덕군
1769,봉길대왕암해변,경상북도 경주시
1770,화진해수욕장,경상북도 포항시 북구
1771,죽계구곡,경상북도 영주시
1772,가야산국립공원(백운동 지구),경상북도 성주군
1773,고령 대가야유적지,경상북도 고령군
1774,청량사(봉화),경상북도 봉화군
1775,기림사,경상북도 경주시
1776,경주불국사[유네스코세계문화유산],경상북도 경주시
1777,도리사(구미),경상북도 구미시
1778,직지사,경상북도 김천시
1779,삼사해상공원,경상북도 영덕군
1780,덕구온천스파월드,경상북도 울진군
1781,성류굴(경북동해안국가지질공원),경상북도 울진군
1782,독도,경상북도 울릉군
1783,주산지(청송국가지질공원),경상북도 청송군
1784,경주문무대왕릉,경상북도 경주시
1785,경주석굴암[유네스코세계문화유산],경상북도 경주시
1786,경주 오릉,경상북도 경주시
1787,경주 선덕여왕릉,경상북도 경주시
1788,"경주 무열왕릉, 태종무열왕릉비",경상북도 경주시
1789,경주 포석정지,경상북도 경주시
1790,경주첨성대,경상북도 경주시
1791,경주 김유신묘,경상북도 경주시
1792,칠곡가산산성및가산바위,경상북도 칠곡군
1793,회룡포,경상북도 예천군
1794,박정희 대통령 생가,경상북도 구미시
1795,의성 탑산약수온천,경상북도 의성군
1796,후정해수욕장,경상북도 울진군
1797,영일만온천,경상북도 포항시 남구
1798,속리산국립공원(경북),경상북도 상주시
1799,청도용암웰빙스파,경상북도 청도군
1800,경주보문관광단지,경상북도 경주시
1801,경주민속공예촌,경상북도 경주시
1802,경주월드어뮤즈먼트,경상북도 경주시
1803,국립운문산자연휴양림,경상북도 청도군
1804,오보 해수욕장,경상북도 영덕군
1805,하저해수욕장,경상북도 영덕군
1806,남호해수욕장,경상북도 영덕군
1807,달실마을,경상북도 봉화군
1808,대가천계곡(무흘구곡),경상북도 성주군
1809,성주댐(성주호),경상북도 성주군
1810,만불사(영천),경상북도 영천시
1811,돌할매(영천),경상북도 영천시
1812,국립 검마산자연휴양림,경상북도 영양군
1813,비슬리조트관광농원군불로,경상북도 청도군
1814,경주세계문화엑스포공원,경상북도 경주시
1815,군위장곡자연휴양림,경상북도 군위군
1816,옥계계곡,경상북도 영덕군
1817,경상북도수목원,경상북도 포항시 북구
1818,상주동학교당,경상북도 상주시
1819,안동민속촌과 안동호,경상북도 안동시
1820,지례예술촌,경상북도 안동시
1821,구룡포해수욕장,경상북도 포항시 남구
1822,예천온천,경상북도 예천군
1823,독용산성,경상북도 성주군
1824,성주 한개마을,경상북도 성주군
1825,국립 칠보산자연휴양림,경상북도 영덕군
1826,영덕해맞이공원,경상북도 영덕군
1827,영일대해수욕장,경상북도 포항시 북구
1828,학가산자연휴양림,경상북도 예천군
1829,골굴사(경주),경상북도 경주시
1830,소백산국립공원(경북),경상북도 영주시
1831,부석사[유네스코세계문화유산],경상북도 영주시
1832,황성공원,경상북도 경주시
1833,예천천문우주센터,경상북도 예천군
1834,경산임당동과조영동고분군,경상북도 경산시
1835,구수곡자연휴양림,경상북도 울진군
1836,불굴사(경산),경상북도 경산시
1837,고령 지산동 고분군,경상북도 고령군
1838,영덕 부경온천,경상북도 영덕군
1839,도산온천,경상북도 안동시
1840,포항온천,경상북도 포항시 북구
1841,불영사(울진),경상북도 울진군
1842,경주양동마을[유네스코세계문화유산],경상북도 경주시
1843,감포항,경상북도 경주시
1844,경주 감은사지,경상북도 경주시
1845,통일전(경주),경상북도 경주시
1846,안동임청각,경상북도 안동시
1847,농암종택,경상북도 안동시
1848,안동 군자마을(오천유적지),경상북도 안동시
1849,경주동궁과월지,경상북도 경주시
1850,개실마을,경상북도 고령군
1851,옥산 세심마을,경상북도 경주시
1852,안동 온뜨레피움,경상북도 안동시
1853,후포해수욕장,경상북도 울진군
1854,덕천해수욕장,경상북도 영덕군
1855,나리분지,경상북도 울릉군
1856,도동항,경상북도 울릉군
1857,영호루,경상북도 안동시
1858,영덕조각공원,경상북도 영덕군
1859,경주 남산,경상북도 경주시
1860,경주 신문왕릉,경상북도 경주시
1861,전촌솔밭해변,경상북도 경주시
1862,나정고운모래해변,경상북도 경주시
1863,안동 하회촌,경상북도 안동시
1864,서벽 금강소나무 숲 (서벽 문화재용 목재생산림),경상북도 봉화군
1865,울진 금강소나무 숲길,경상북도 울진군
1866,울릉도 등대(태하등대),경상북도 울릉군
1867,도동등대(행남등대),경상북도 울릉군
1868,호미곶 등대,경상북도 포항시 남구
1869,오류고아라해변,경상북도 경주시
1870,삼정해수욕장,경상북도 포항시 남구
1871,방호정 감입곡류천 (청송 국가지질공원),경상북도 청송군
1872,묵계서원 및 안동김씨 묵계종택,경상북도 안동시
1873,상주자전거박물관,경상북도 상주시
1874,대가야박물관,경상북도 고령군
1875,나곡해수욕장,경상북도 울진군
1876,예천권씨종가별당·예천권씨종택,경상북도 예천군
1877,응봉산(울진),경상북도 울진군
1878,문경 오미자체험마을,경상북도 문경시
1879,고모산성,경상북도 문경시
1880,선비촌,경상북도 영주시
1881,청송솔기온천,경상북도 청송군
1882,청송얼음골(청송국가지질공원),경상북도 청송군
1883,경정해수욕장,경상북도 영덕군
1884,성주경산리성밖숲,경상북도 성주군
1885,저동항,경상북도 울릉군
1886,경주대릉원일원,경상북도 경주시
1887,풍기인삼시장,경상북도 영주시
1888,포항죽도시장,경상북도 포항시 북구
1889,영덕어촌민속전시관,경상북도 영덕군
1890,민물고기생태체험관,경상북도 울진군
1891,유교문화박물관,경상북도 안동시
1892,경상북도 산림과학박물관,경상북도 안동시
1893,"거북바위 및 향나무 자생지 (울릉도, 독도 국가지질공원)",경상북도 울릉군
1894,관성솔밭해변,경상북도 경주시
1895,경주 성덕왕릉,경상북도 경주시
1896,경주 흥덕왕릉,경상북도 경주시
1897,경주 진덕여왕릉,경상북도 경주시
1898,경주 법흥왕릉,경상북도 경주시
1899,충의당,경상북도 경주시
1900,경주 경덕왕릉,경상북도 경주시
1901,체화정,경상북도 안동시
1902,도구해수욕장,경상북도 포항시 남구
1903,국립낙동강생물자원관(상주),경상북도 상주시
1904,보현산(영천),경상북도 영천시
1905,울릉예림원,경상북도 울릉군
1906,의성마늘장터 (의성명품마늘영농조합법인),경상북도 의성군
1907,경주 마우나오션 관광단지,경상북도 경주시
1908,빙계서원,경상북도 의성군
1909,백암온천관광특구,경상북도 울진군
1910,내수전몽돌해변,경상북도 울릉군
1911,해뜨는농장,경상북도 청송군
1912,운주산승마자연휴양림,경상북도 영천시
1913,산내들패밀리어드벤처파크,경상북도 김천시
1914,구미에코랜드,경상북도 구미시
1915,국립산림치유원,경상북도 영주시
1916,안동호반자연휴양림,경상북도 안동시
1917,포항시립미술관,경상북도 포항시 북구
1918,수도산자연휴양림,경상북도 김천시
1919,칠곡호국평화기념관,경상북도 칠곡군
1920,명활산성,경상북도 경주시
1921,울진 후포항,경상북도 울진군
1922,죽변항,경상북도 울진군
1923,경주 양남 주상절리 전망대,경상북도 경주시
1924,안동계명산자연휴양림,경상북도 안동시
1925,국립칠곡숲체원,경상북도 칠곡군
1926,백석탄 포트홀 (청송 국가지질공원),경상북도 청송군
1927,국립영천호국원,경상북도 영천시
1928,견훤산성,경상북도 상주시
1929,성주봉자연휴양림,경상북도 상주시
1930,고령 신촌숲,경상북도 고령군
1931,울진엑스포공원,경상북도 울진군
1932,퇴계종택,경상북도 안동시
1933,원생대 변성암 (경북 동해안 국가지질공원),경상북도 영덕군
1934,왕피천 (경북 동해안 국가지질공원),경상북도 울진군
1935,양남 주상절리군 (경북 동해안 국가지질공원),경상북도 경주시
1936,달전리 주상절리 (경북 동해안 국가지질공원),경상북도 포항시 남구
1937,내연산 12폭포 (경북 동해안 국가지질공원),경상북도 포항시 북구
1938,안동시장 찜닭골목,경상북도 안동시
1939,구룡포항,경상북도 포항시 남구
1940,문경 도자기박물관,경상북도 문경시
1941,영천전투메모리얼파크,경상북도 영천시
1942,문장대,경상북도 상주시
1943,청도와인터널,경상북도 청도군
1944,황리단길,경상북도 경주시
1945,반딧불이천문대,경상북도 영양군
1946,"죽암 몽돌해안 (울릉도, 독도 국가지질공원)",경상북도 울릉군
1947,금강송에코리움,경상북도 울진군
1948,영덕 해안도로 드라이브,경상북도 영덕군
1949,"저동해안산책로 (울릉도, 독도 국가지질공원)",경상북도 울릉군
1950,"알봉 (울릉도, 독도 국가지질공원)",경상북도 울릉군
1951,"도동 해안산책로 (울릉도, 독도 국가지질공원)",경상북도 울릉군
1952,호미곶해안단구,경상북도 포항시 남구
1953,제석사(경산),경상북도 경산시
1954,금봉자연휴양림,경상북도 의성군
1955,연미사(안동),경상북도 안동시
1956,압곡사(군위),경상북도 군위군
1957,경주 일성왕릉,경상북도 경주시
1958,송림사(칠곡),경상북도 칠곡군
1959,성혈사(영주),경상북도 영주시
1960,선석사(경북),경상북도 성주군
1961,분황사,경상북도 경주시
1962,대둔사(구미),경상북도 구미시
1963,태하향목 관광모노레일,경상북도 울릉군
1964,문경새재 자연생태공원,경상북도 문경시
1965,시안미술관,경상북도 영천시
1966,사일온천,경상북도 영천시
1967,수리뫼 [한국전통음식체험교육원],경상북도 경주시
1968,영천 별빛마을,경상북도 영천시
1969,직지문화공원,경상북도 김천시
1970,영양 두들마을,경상북도 영양군
1971,지림사(봉화),경상북도 봉화군
1972,죽림사(영천),경상북도 영천시
1973,월영교,경상북도 안동시
1974,문경 구 가은역,경상북도 문경시
1975,영덕대게거리,경상북도 영덕군
1976,영주무섬마을,경상북도 영주시
1977,안동하회마을[유네스코세계문화유산],경상북도 안동시
1978,하선대,경상북도 포항시 남구
1979,경상북도독립운동기념관,경상북도 안동시
1980,의성금성산고분군,경상북도 의성군
1981,의성 산운생태공원,경상북도 의성군
1982,의성 경덕왕릉,경상북도 의성군
1983,강구항,경상북도 영덕군
1984,홍류동계곡,경상남도 합천군
1985,밀양 얼음골,경상남도 밀양시
1986,달천계곡(창원),경상남도 창원시 의창구
1987,호박소계곡,경상남도 밀양시
1988,황매산(산청),경상남도 산청군
1989,화왕산군립공원,경상남도 창녕군
1990,지리산국립공원(하동),경상남도 하동군
1991,지리산국립공원(함양),경상남도 함양군
1992,연화산도립공원,경상남도 고성군
1993,"가야산국립공원(홍류동,청량동지구)",경상남도 합천군
1994,제황산공원,경상남도 창원시 진해구
1995,장복산조각공원,경상남도 창원시 진해구
1996,진양호,경상남도 진주시
1997,합천호,경상남도 합천군
1998,주남저수지(철새도래지),경상남도 창원시 의창구
1999,매물도,경상남도 통영시
2000,상주은모래비치,경상남도 남해군
2001,죽림해수욕장,경상남도 거제시
2002,진해내수면환경생태공원,경상남도 창원시 진해구
2003,홍룡폭포,경상남도 양산시
2004,정암루(솥바위),경상남도 의령군
2005,김해수로왕릉,경상남도 김해시
2006,통도사[유네스코세계문화유산],경상남도 양산시
2007,칠불사(하동),경상남도 하동군
2008,다솔사(경남),경상남도 사천시
2009,해인사(합천),경상남도 합천군
2010,표충사(밀양),경상남도 밀양시
2011,청량사(합천),경상남도 합천군
2012,당항포관광지,경상남도 고성군
2013,기회송림,경상남도 밀양시
2014,명사해수욕장,경상남도 거제시
2015,남일대해수욕장,경상남도 사천시
2016,창원 성산 패총,경상남도 창원시 성산구
2017,하동송림,경상남도 하동군
2018,상족암군립공원,경상남도 고성군
2019,대방진굴항,경상남도 사천시
2020,거제도해금강,경상남도 거제시
2021,촉석루,경상남도 진주시
2022,밀양 영남루,경상남도 밀양시
2023,사천선진리왜성,경상남도 사천시
2024,미륵도 관광특구,경상남도 통영시
2025,미륵산(통영),경상남도 통영시
2026,삼성궁,경상남도 하동군
2027,산청전구형왕릉,경상남도 산청군
2028,지리산국립공원(산청),경상남도 산청군
2029,황포해수욕장,경상남도 거제시
2030,외도보타니아,경상남도 거제시
2031,농소몽돌해변,경상남도 거제시
2032,여차해변 (여차몽돌해수욕장),경상남도 거제시
2033,와현모래숲해변,경상남도 거제시
2034,통도환타지아,경상남도 양산시
2035,망운산,경상남도 남해군
2036,사량도지리산,경상남도 통영시
2037,진주성,경상남도 진주시
2038,사량도,경상남도 통영시
2039,창녕우포늪,경상남도 창녕군
2040,남해유배문학관,경상남도 남해군
2041,황계폭포,경상남도 합천군
2042,"두곡, 월포해수욕장",경상남도 남해군
2043,달아공원,경상남도 통영시
2044,욕지도(유동어촌체험마을),경상남도 통영시
2045,추도,경상남도 통영시
2046,덕동해수욕장,경상남도 통영시
2047,봉암해수욕장,경상남도 통영시
2048,김해 수로왕비릉,경상남도 김해시
2049,미륵도,경상남도 통영시
2050,고성 자란만,경상남도 고성군
2051,거제도,경상남도 거제시
2052,국립 남해편백자연휴양림,경상남도 남해군
2053,통영 한산도 이충무공 유적,경상남도 통영시
2054,용문사(남해),경상남도 남해군
2055,월성계곡,경상남도 거창군
2056,김해 봉황동 유적,경상남도 김해시
2057,남가람문화거리,경상남도 진주시
2058,청곡사(진주),경상남도 진주시
2059,죽도(통영),경상남도 통영시
2060,비진도,경상남도 통영시
2061,한산도,경상남도 통영시
2062,우도(통영),경상남도 통영시
2063,연화도(통영),경상남도 통영시
2064,배내골,경상남도 양산시
2065,남망산조각공원,경상남도 통영시
2066,마금산원탕,경상남도 창원시 의창구
2067,성철대종사생가(겁외사),경상남도 산청군
2068,미조항,경상남도 남해군
2069,수도사(의령),경상남도 의령군
2070,유곡천,경상남도 의령군
2071,안민고개,경상남도 창원시 진해구
2072,옥포대첩기념공원,경상남도 거제시
2073,거제 학동리 동백나무 숲 및 팔색조 번식지,경상남도 거제시
2074,백천사(사천),경상남도 사천시
2075,구곡산,경상남도 산청군
2076,사촌해수욕장,경상남도 남해군
2077,가천다랭이마을,경상남도 남해군
2078,용추자연휴양림,경상남도 함양군
2079,거제자연예술랜드,경상남도 거제시
2080,국립 3·15 민주묘지,경상남도 창원시 의창구
2081,거창수승대,경상남도 거창군
2082,최참판댁,경상남도 하동군
2083,학동흑진주몽돌해변,경상남도 거제시
2084,금산(남해),경상남도 남해군
2085,노도(김만중 유허지),경상남도 남해군
2086,충렬사와 거북선,경상남도 남해군
2087,거제지심도,경상남도 거제시
2088,입곡군립공원,경상남도 함안군
2089,거제도해수보양온천,경상남도 거제시
2090,가조백두산천지온천,경상남도 거창군
2091,덕포해수욕장,경상남도 거제시
2092,거제도포로수용소유적공원,경상남도 거제시
2093,경상남도수목원,경상남도 진주시
2094,오도재와 지리산조망공원,경상남도 함양군
2095,도장포어촌체험마을,경상남도 거제시
2096,창녕 석빙고,경상남도 창녕군
2097,창녕 교동과 송현동 고분군,경상남도 창녕군
2098,남해 냉천갯벌체험장,경상남도 남해군
2099,창원해양공원,경상남도 창원시 진해구
2100,남사예담촌,경상남도 산청군
2101,마산오동동아구찜거리,경상남도 창원시 의창구
2102,해오름예술촌,경상남도 남해군
2103,하동쌍계사,경상남도 하동군
2104,부재산방,경상남도 창원시 의창구
2105,사명대사 생가지,경상남도 밀양시
2106,여좌천(벚꽃명소),경상남도 창원시 진해구
2107,함안 말이산 고분군,경상남도 함안군
2108,창녕 신라 진흥왕 척경비,경상남도 창녕군
2109,"진양호공원(진양호전망대,동물원)",경상남도 진주시
2110,강주연못,경상남도 진주시
2111,적석산,경상남도 창원시 의창구
2112,고성 송학동 고분군,경상남도 고성군
2113,거창 동계 종택(정온선생고택),경상남도 거창군
2114,신선대전망대,경상남도 거제시
2115,모상개해수욕장,경상남도 남해군
2116,항도몽돌해수욕장과 항도방파제,경상남도 남해군
2117,독일마을,경상남도 남해군
2118,남해 물건리 방조어부림,경상남도 남해군
2119,설리 해수욕장,경상남도 남해군
2120,남해 관음포 이충무공 유적,경상남도 남해군
2121,바람의언덕,경상남도 거제시
2122,만화방초,경상남도 고성군
2123,서이말 등대,경상남도 거제시
2124,국립김해박물관,경상남도 김해시
2125,대성동고분박물관,경상남도 김해시
2126,통영항,경상남도 통영시
2127,창원시립마산박물관,경상남도 창원시 마산합포구
2128,창원의집,경상남도 창원시 의창구
2129,토지주택박물관,경상남도 진주시
2130,밀양시립박물관,경상남도 밀양시
2131,창원시립마산문신미술관,경상남도 창원시 의창구
2132,국립진주박물관,경상남도 진주시
2133,비진도해수욕장,경상남도 통영시
2134,수포대,경상남도 거창군
2135,거창사건추모공원,경상남도 거창군
2136,"함양 토종약초시장 (5, 10일)",경상남도 함양군
2137,인사동 골동품거리,경상남도 진주시
2138,평사리들판,경상남도 하동군
2139,하동화개장터,경상남도 하동군
2140,고성탈박물관,경상남도 고성군
2141,해금강테마박물관,경상남도 거제시
2142,통영 옻칠미술관,경상남도 통영시
2143,김해클레이아크,경상남도 김해시
2144,천적생태과학관,경상남도 거창군
2145,함벽루,경상남도 합천군
2146,성흥사 계곡,경상남도 창원시 진해구
2147,경상남도과학교육원,경상남도 진주시
2148,선진공원,경상남도 사천시
2149,팔용산돌탑,경상남도 창원시 의창구
2150,마산어시장,경상남도 창원시 의창구
2151,물안해수욕장,경상남도 거제시
2152,김영삼 전 대통령 생가,경상남도 거제시
2153,거제어촌민속전시관,경상남도 거제시
2154,거제포로수용소유적공원,경상남도 거제시
2155,허굴산,경상남도 합천군
2156,정양늪생태공원,경상남도 합천군
2157,이주홍어린이문학관,경상남도 합천군
2158,대장경테마파크,경상남도 합천군
2159,창원솔라타워,경상남도 창원시 진해구
2160,창원과학체험관,경상남도 창원시 의창구
2161,삼천포용궁수산시장,경상남도 사천시
2162,거제맹종죽테마공원,경상남도 거제시
2163,거창사과테마파크,경상남도 거창군
2164,고현리 공룡발자국화석,경상남도 창원시 의창구
2165,청마문학관,경상남도 통영시
2166,거제 알로에테마파크,경상남도 거제시
2167,여차 홍포전망대,경상남도 거제시
2168,연대도 해수욕장,경상남도 통영시
2169,가고파꼬부랑길벽화마을,경상남도 창원시 마산합포구
2170,거제씨월드,경상남도 거제시
2171,박재삼 문학관,경상남도 사천시
2172,남해 파독전시관,경상남도 남해군
2173,거창 황금원숭이마을,경상남도 거창군
2174,김해가야테마파크,경상남도 김해시
2175,칠천량해전공원전시관,경상남도 거제시
2176,신수도,경상남도 사천시
2177,만지도,경상남도 통영시
2178,대도,경상남도 하동군
2179,실리도,경상남도 창원시 마산합포구
2180,법기수원지,경상남도 양산시
2181,비토섬,경상남도 사천시
2182,통영박경리기념관,경상남도 통영시
2183,하동야생차박물관,경상남도 하동군
2184,봉하마을,경상남도 김해시
2185,진영 봉하마을과 노무현 대통령 생가,경상남도 김해시
2186,생초국제조각공원,경상남도 산청군
2187,산천재 남명매,경상남도 산청군
2188,창녕 영산 석빙고,경상남도 창녕군
2189,우도,경상남도 창원시 진해구
2190,사천항공우주박물관,경상남도 사천시
2191,합천영상테마파크,경상남도 합천군
2192,수도박물관,경상남도 김해시
2193,노을이 물드는 언덕,경상남도 거제시
2194,섬이정원,경상남도 남해군
2195,트윈터널,경상남도 밀양시
2196,얼음골축음기소리박물관(밀양),경상남도 밀양시
2197,장사도 유람선,경상남도 거제시
2198,양양지(위양못),경상남도 밀양시
2199,상상양떼목장 편백숲,경상남도 남해군
2200,공곶이,경상남도 거제시
2201,매미성,경상남도 거제시
2202,삼귀해안,경상남도 창원시 성산구
2203,십리벚꽃길,경상남도 하동군
2204,통영어드벤처타워,경상남도 통영시
2205,마산로봇랜드,경상남도 창원시 마산합포구
2206,달빛쌈지공원,경상남도 밀양시
2207,와인갤러리,경상남도 사천시
2208,산청동의보감촌,경상남도 산청군
2209,임항선 그린웨이,경상남도 창원시 마산합포구
2210,김해분청도자박물관,경상남도 김해시
2211,진해보타닉뮤지엄,경상남도 창원시 진해구
2212,사천바다케이블카,경상남도 사천시
2213,창원 장미공원,경상남도 창원시 성산구
2214,장의사(고성),경상남도 고성군
2215,국립 지리산자연휴양림,경상남도 함양군
2216,지리산생태과학관,경상남도 하동군
2217,에덴밸리스키장(에덴밸리리조트),경상남도 양산시
2218,법흥사(남해),경상남도 남해군
2219,만어사,경상남도 밀양시
2220,대법사,경상남도 밀양시
2221,마산아트센터,경상남도 창원시 의창구
2222,백두대간생태교육장,경상남도 거창군
2223,"보물섬전망대,스카이워크",경상남도 남해군
2224,우포늪생태관,경상남도 창녕군
2225,통영파라스파,경상남도 통영시
2226,이순신공원,경상남도 통영시
2227,통영 명품진주전시관,경상남도 통영시
2228,구조라해수욕장,경상남도 거제시
2229,장사도,경상남도 통영시
2230,소매물도,경상남도 통영시
2231,한려수도조망케이블카,경상남도 통영시
2232,남해 다초지(장평지),경상남도 남해군
2233,홍룡사(양산),경상남도 양산시
2234,숲옛마을(갈계),경상남도 거창군
2235,장승포항,경상남도 거제시
2236,도심다원,경상남도 하동군
2237,창원시립진해박물관,경상남도 창원시 진해구
2238,산청 한의학박물관,경상남도 산청군
2239,동피랑마을,경상남도 통영시
2240,경화역벚꽃길,경상남도 창원시 진해구
2241,함안채미정,경상남도 함안군
2242,악양루,경상남도 함안군
2243,주남저수지 람사르문화관,경상남도 창원시 의창구
2244,한려해상국립공원(한려수도),경상남도 거제시
2245,농산정,경상남도 합천군
2246,개평한옥마을,경상남도 함양군
2247,함목몽돌해변,경상남도 거제시
2248,엄홍길전시관,경상남도 고성군
2249,성산일출봉[유네스코세계자연유산],제주특별자치도 서귀포시
2250,생각하는 정원,제주특별자치도 제주시
2251,세계조가비박물관,제주특별자치도 서귀포시
2252,사라오름,제주특별자치도 서귀포시
2253,제주힐링명상센터 (무병장수테마파크),제주특별자치도 제주시
2254,제주도 국가지질공원,제주특별자치도 제주시
2255,에코랜드테마파크,제주특별자치도 제주시
2256,믿거나 말거나 박물관,제주특별자치도 서귀포시
2257,서귀포매일올레시장,제주특별자치도 서귀포시
2258,제주동문재래시장,제주특별자치도 제주시
2259,이호테우해변,제주특별자치도 제주시
2260,신양 섭지코지해변,제주특별자치도 서귀포시
2261,가파도,제주특별자치도 서귀포시
2262,화순 금모래 해변,제주특별자치도 서귀포시
2263,돈내코(원앙폭포),제주특별자치도 서귀포시
2264,안덕계곡,제주특별자치도 서귀포시
2265,천제연폭포,제주특별자치도 서귀포시
2266,천지연폭포(제주도국가지질공원),제주특별자치도 서귀포시
2267,정방폭포,제주특별자치도 서귀포시
2268,한라산 성판악,제주특별자치도 제주시
2269,외돌개(제주),제주특별자치도 서귀포시
2270,한라산 영실,제주특별자치도 서귀포시
2271,퍼시픽랜드,제주특별자치도 서귀포시
2272,혼인지,제주특별자치도 서귀포시
2273,여미지식물원,제주특별자치도 서귀포시
2274,관덕정(제주),제주특별자치도 제주시
2275,산방굴사(제주),제주특별자치도 서귀포시
2276,한림공원,제주특별자치도 제주시
2277,만장굴(제주도국가지질공원),제주특별자치도 제주시
2278,중문해수욕장,제주특별자치도 서귀포시
2279,제주절물자연휴양림,제주특별자치도 제주시
2280,우도잠수함,제주특별자치도 서귀포시
2281,어승생,제주특별자치도 제주시
2282,주상절리대(대포동지삿개),제주특별자치도 서귀포시
2283,엉또폭포,제주특별자치도 서귀포시
2284,김녕미로공원,제주특별자치도 제주시
2285,서귀포잠수함,제주특별자치도 서귀포시
2286,산굼부리,제주특별자치도 제주시
2287,비자림,제주특별자치도 제주시
2288,성읍민속마을,제주특별자치도 서귀포시
2289,금능석물원,제주특별자치도 제주시
2290,일출랜드,제주특별자치도 서귀포시
2291,섭지코지,제주특별자치도 서귀포시
2292,제주 삼성혈,제주특별자치도 제주시
2293,한라산(제주도국가지질공원),제주특별자치도 제주시
2294,비양도,제주특별자치도 제주시
2295,서귀포 김정희 유배지,제주특별자치도 서귀포시
2296,한라수목원,제주특별자치도 제주시
2297,"중문관광단지(대포해안,주상절리대)",제주특별자치도 서귀포시
2298,협재해변,제주특별자치도 제주시
2299,제주산방산탄산온천,제주특별자치도 서귀포시
2300,제주허브동산,제주특별자치도 서귀포시
2301,제주 서광다원,제주특별자치도 서귀포시
2302,제주 센트럴파크,제주특별자치도 제주시
2303,제주조각공원(포레스트 판타지아),제주특별자치도 서귀포시
2304,명월대,제주특별자치도 제주시
2305,곽지해수욕장,제주특별자치도 제주시
2306,추자도,제주특별자치도 제주시
2307,약천사(제주),제주특별자치도 서귀포시
2308,산방산(제주),제주특별자치도 서귀포시
2309,마라도 등대,제주특별자치도 서귀포시
2310,서귀포유람선 뉴파라다이스호,제주특별자치도 서귀포시
2311,마라도가는 여객선,제주특별자치도 서귀포시
2312,남원 큰엉해안,제주특별자치도 서귀포시
2313,형제섬,제주특별자치도 서귀포시
2314,북촌 돌하르방공원,제주특별자치도 제주시
2315,제주워터월드,제주특별자치도 서귀포시
2316,제주목관아,제주특별자치도 제주시
2317,알뜨르비행장 및 일본군 비행기 격납고,제주특별자치도 서귀포시
2318,제주러브랜드,제주특별자치도 제주시
2319,제주도민속자연사박물관,제주특별자치도 제주시
2320,금오름,제주특별자치도 제주시
2321,쌍용굴(한림공원),제주특별자치도 제주시
2322,협재굴(한림공원),제주특별자치도 제주시
2323,쇠소깍,제주특별자치도 서귀포시
2324,소정방폭포,제주특별자치도 서귀포시
2325,삼양 검은모래해변,제주특별자치도 제주시
2326,김녕성세기해변 (김녕해수욕장),제주특별자치도 제주시
2327,천지연 걸매생태공원,제주특별자치도 서귀포시
2328,석부작박물관,제주특별자치도 서귀포시
2329,제주서커스월드공연장,제주특별자치도 서귀포시
2330,제주민속촌,제주특별자치도 서귀포시
2331,국립제주박물관,제주특별자치도 제주시
2332,초콜릿박물관,제주특별자치도 서귀포시
2333,테디베어뮤지엄 제주,제주특별자치도 서귀포시
2334,제주항일기념관,제주특별자치도 제주시
2335,신영영화박물관 무비스타,제주특별자치도 서귀포시
2336,아프리카 박물관,제주특별자치도 서귀포시
2337,한국야구명예전당,제주특별자치도 서귀포시
2338,제주교육박물관,제주특별자치도 제주시
2339,아부오름,제주특별자치도 제주시
2340,메이즈랜드,제주특별자치도 제주시
2341,우도(해양도립공원),제주특별자치도 제주시
2342,해녀박물관,제주특별자치도 제주시
2343,제주돌마을공원 수석전시관,제주특별자치도 제주시
2344,닥종이인형박물관,제주특별자치도 서귀포시
2345,건강과 성 박물관(제주),제주특별자치도 서귀포시
2346,김영갑갤러리(두모악),제주특별자치도 서귀포시
2347,하멜상선전시관,제주특별자치도 서귀포시
2348,제주평화박물관,제주특별자치도 제주시
2349,본태박물관,제주특별자치도 서귀포시
2350,제주아트센터,제주특별자치도 제주시
2351,제주 초콜릿랜드,제주특별자치도 서귀포시
2352,제주 노루생태관찰원,제주특별자치도 제주시
2353,제주해녀항일운동기념탑,제주특별자치도 제주시
2354,세화해변,제주특별자치도 제주시
2355,SOS박물관,제주특별자치도 서귀포시
2356,그리스신화박물관,제주특별자치도 제주시
2357,제주돌문화공원,제주특별자치도 제주시
2358,금호리조트제주,제주특별자치도 서귀포시
2359,거린사슴,제주특별자치도 서귀포시
2360,갯거리오름(갯그르),제주특별자치도 서귀포시
2361,개오리오름,제주특별자치도 제주시
2362,각시바우오름,제주특별자치도 서귀포시
2363,가시오름,제주특별자치도 서귀포시
2364,가마오름,제주특별자치도 제주시
2365,박물관은 살아있다(제주중문점),제주특별자치도 서귀포시
2366,1100고지습지,제주특별자치도 제주시
2367,마린파크,제주특별자치도 서귀포시
2368,조랑말체험공원,제주특별자치도 서귀포시
2369,제주4·3평화공원,제주특별자치도 제주시
2370,두맹이골목,제주특별자치도 제주시
2371,동백동산,제주특별자치도 제주시
2372,엉알해안,제주특별자치도 제주시
2373,붉은오름자연휴양림,제주특별자치도 서귀포시
2374,천아오름,제주특별자치도 제주시
2375,캐릭파크,제주특별자치도 제주시
2376,펀테마파크,제주특별자치도 제주시
2377,선흘곶자왈 (제주도 국가지질공원),제주특별자치도 제주시
2378,후곡악,제주특별자치도 서귀포시
2379,정물오름,제주특별자치도 제주시
2380,열안지오름(봉개동),제주특별자치도 제주시
2381,하늬복이오름,제주특별자치도 서귀포시
2382,걸시오름,제주특별자치도 제주시
2383,"거슨세미(세미오름, 샘오름)",제주특별자치도 제주시
2384,한대오름,제주특별자치도 제주시
2385,월정리해수욕장,제주특별자치도 제주시
2386,폭낭오름,제주특별자치도 제주시
2387,지미봉,제주특별자치도 제주시
2388,헬로키티아일랜드,제주특별자치도 서귀포시
2389,아쿠아플라넷 제주,제주특별자치도 서귀포시
2390,황우지해안,제주특별자치도 서귀포시
2391,하도어촌체험마을,제주특별자치도 제주시
2392,서귀포 가시리마을 (녹산로 유채꽃도로),제주특별자치도 서귀포시
2393,웃세오름,제주특별자치도 제주시
2394,군산오름,제주특별자치도 서귀포시
2395,삼의양오름,제주특별자치도 제주시
2396,서건도,제주특별자치도 서귀포시
2397,도너리오름,제주특별자치도 서귀포시
2398,모구리오름,제주특별자치도 서귀포시
2399,제주공룡랜드,제주특별자치도 제주시
2400,제주불빛정원,제주특별자치도 제주시
2401,물영아리오름,제주특별자치도 서귀포시
2402,신산공원,제주특별자치도 제주시
2403,드라마월드,제주특별자치도 제주시
2404,번개과학체험관,제주특별자치도 서귀포시
2405,절부암,제주특별자치도 제주시
2406,수월봉과 차귀해안,제주특별자치도 제주시
2407,용머리해안,제주특별자치도 서귀포시
2408,용두암,제주특별자치도 제주시
2409,피규어뮤지엄 제주,제주특별자치도 서귀포시
2410,브릭캠퍼스 제주,제주특별자치도 제주시
2411,화조원,제주특별자치도 제주시
2412,제주다원 녹차미로공원,제주특별자치도 서귀포시
2413,종달리 해안도로,제주특별자치도 제주시
2414,주식회사 제이엠그랑블루요트,제주특별자치도 서귀포시
2415,광치기해변,제주특별자치도 서귀포시
2416,트랜스포머 오토봇 얼라이언스 (신화월드),제주특별자치도 서귀포시
2417,서귀포 전기버스 시티투어,제주특별자치도 서귀포시
2418,제주샘주 공장,제주특별자치도 제주시
2419,불탑사(제주),제주특별자치도 제주시
2420,신창풍차해안도로,제주특별자치도 제주시
2421,제주항공우주박물관,제주특별자치도 서귀포시
2422,서귀포치유의숲,제주특별자치도 서귀포시
2423,한라산 백록담,제주특별자치도 제주시
2424,사진놀이터,제주특별자치도 제주시
2425,도순다원,제주특별자치도 서귀포시
2426,서귀포하논분화구,제주특별자치도 서귀포시
2427,제주 벚꽃길 드라이브,제주특별자치도 제주시
2428,성이시돌목장,제주특별자치도 제주시
2429,세계자동차&피아노 박물관,제주특별자치도 서귀포시
2430,금능해수욕장,제주특별자치도 제주시
2431,다랑쉬오름(월랑봉),제주특별자치도 제주시
2432,새별오름,제주특별자치도 제주시
2433,따라비오름,제주특별자치도 서귀포시
2434,용눈이오름,제주특별자치도 제주시
2435,제주유리박물관,제주특별자치도 서귀포시
2436,용천동굴 [유네스코 세계자연유산],제주특별자치도 제주시
2437,월정사(제주),제주특별자치도 제주시
2438,휴애리자연생활공원,제주특별자치도 서귀포시
2439,제주테지움,제주특별자치도 제주시
2440,더마파크,제주특별자치도 제주시
2441,제주유리의성,제주특별자치도 제주시
2442,제주마방목지,제주특별자치도 제주시
2443,거문오름 [세계자연유산],제주특별자치도 제주시
2444,신풍신천바다목장,제주특별자치도 서귀포시
2445,제주도예촌,제주특별자치도 서귀포시
2446,검멀레해변,제주특별자치도 제주시
2447,선녀와나무꾼 테마공원,제주특별자치도 제주시
2448,제주현대미술관,제주특별자치도 제주시
2449,제주 보성시장,제주특별자치도 제주시
2450,서귀포천문과학문화관,제주특별자치도 서귀포시
2451,점보빌리지,제주특별자치도 서귀포시
2452,제주난타전용관,제주특별자치도 제주시
2453,조안베어뮤지엄,제주특별자치도 서귀포시
2454,한라생태숲,제주특별자치도 제주시
2455,이상한 나라의 앨리스,제주특별자치도 서귀포시
2456,다희연,제주특별자치도 제주시
2457,제주별빛누리공원,제주특별자치도 제주시
2458,카멜리아힐,제주특별자치도 서귀포시
2459,울주 천전리 각석,울산광역시 울주군
2460,울주대곡리반구대암각화,울산광역시 울주군
2461,가지산 탄산유황온천,울산광역시 울주군
2462,울산대공원,울산광역시 남구
2463,대왕암공원,울산광역시 동구
2464,등억온천단지,울산광역시 울주군
2465,자수정동굴나라,울산광역시 울주군
2466,석남사(울산),울산광역시 울주군
2467,진하해수욕장,울산광역시 울주군
2468,천전리각석계곡(울산),울산광역시 울주군
2469,화암추 등대,울산광역시 동구
2470,학성공원,울산광역시 중구
2471,발리온천,울산광역시 울주군
2472,울산 들꽃학습원,울산광역시 울주군
2473,울산옹기마을,울산광역시 울주군
2474,간월산 자연휴양림,울산광역시 울주군
2475,태화강국가정원,울산광역시 중구
2476,주전몽돌해변,울산광역시 동구
2477,강동몽돌해변,울산광역시 북구
2478,배내골(울산),울산광역시 울주군
2479,태화루,울산광역시 중구
2480,약사동 제방유적전시관,울산광역시 중구
2481,선암호수공원,울산광역시 남구
2482,외솔 최현배선생 생가 기념관,울산광역시 중구
2483,강동해수온천,울산광역시 북구
2484,울산박물관,울산광역시 남구
2485,울산테마식물수목원,울산광역시 동구
2486,슬도,울산광역시 동구
2487,장생포고래박물관,울산광역시 남구
2488,울산체육공원,울산광역시 남구
2489,주전어촌체험마을,울산광역시 동구
2490,울산대교전망대,울산광역시 동구
2491,울산 신화마을,울산광역시 남구
2492,드라마하우스,울산광역시 울주군
2493,회야댐 생태공원,울산광역시 울주군
2494,태화강동굴피아,울산광역시 남구
2495,국립대운산치유의숲,울산광역시 울주군
2496,함월루,울산광역시 중구
